family,feature,name,n_family,n_real,median_family,median_real,cliffs_delta,lo,hi,abs_delta
Commercial cloner: ElevenLabs,bg.snr_db,estimated SNR (dB),52,978,31.9976,24.3620,0.5810,0.4027,0.7499,0.5810
Commercial cloner: ElevenLabs,spec.ltas_ripple_std_db,long-term spectral ripple (dB),90,1003,1.6331,2.1984,-0.5727,-0.6556,-0.4784,0.5727
Commercial cloner: ElevenLabs,bg.floor_std_db,noise-floor variability (dB),52,978,6.9171,4.2379,0.4770,0.3020,0.6558,0.4770
Commercial cloner: ElevenLabs,spec.fb_hiflatness_db_p90,"high-band spectral flatness, p90 (dB)",90,1003,-3.0012,-3.3471,0.3976,0.2796,0.5019,0.3976
Commercial cloner: ElevenLabs,bg.frame_level_std_db,frame loudness variability (dB),52,978,3.5492,2.6700,0.3574,0.1254,0.5873,0.3574
Commercial cloner: ElevenLabs,spec.fb_flux_iqr,spectral flux spread (IQR),90,1003,0.0432,0.0485,-0.3326,-0.4505,-0.2133,0.3326
Commercial cloner: ElevenLabs,lpc.res_kurtosis_med,LPC residual kurtosis,90,1003,3.4868,4.5151,-0.3010,-0.4222,-0.1760,0.3010
Commercial cloner: ElevenLabs,bg.noise_flatness_db,background-noise flatness (dB),52,978,-9.2492,-11.2569,0.2693,0.0951,0.4210,0.2693
Commercial cloner: ElevenLabs,spec.band_6000_7000_db_med,energy 6-7 kHz (dB),90,1003,-45.0849,-48.1941,0.2489,0.1096,0.3962,0.2489
Commercial cloner: ElevenLabs,pros.f0_dst_std,pitch-change variability (semitones),90,1001,0.5460,0.6516,-0.2318,-0.3449,-0.1158,0.2318
Commercial cloner: ElevenLabs,pros.pauses_per_active_s,pauses per active second,90,1001,0.3929,0.0000,0.1922,0.0650,0.3058,0.1922
Commercial cloner: ElevenLabs,pros.shimmer_local,shimmer,90,1001,0.0856,0.0919,-0.1484,-0.2827,-0.0099,0.1484
Commercial cloner: ElevenLabs,pros.jitter_local,jitter,90,1001,0.0216,0.0238,-0.1227,-0.2356,0.0136,0.1227
Commercial cloner: ElevenLabs,pros.f0_st_std,pitch variability (semitones),90,1001,3.1715,3.3609,-0.0691,-0.1748,0.0348,0.0691
Commercial cloner: ElevenLabs,spec.band_50_250_db_med,energy 50-250 Hz (dB),90,1003,-4.8478,-4.7110,-0.0515,-0.1695,0.0762,0.0515
Commercial cloner: ElevenLabs,pros.hnr_db,harmonics-to-noise ratio (dB),90,1001,12.6449,12.5630,0.0366,-0.0789,0.1676,0.0366
Commercial cloner: ElevenLabs,lpc.pred_gain_db_med,LPC prediction gain (dB),90,1003,24.5213,24.6236,-0.0290,-0.1668,0.0979,0.0290
Commercial cloner: ElevenLabs,spec.fb_centroid_hz_med,spectral centroid (Hz),90,1003,417.4876,430.1787,-0.0287,-0.1558,0.0954,0.0287
Commercial cloner: ElevenLabs,phase.ifjump_hz_med,instantaneous-frequency jumps (Hz),90,1003,10.9666,10.6243,0.0212,-0.0797,0.1269,0.0212
Commercial cloner: ElevenLabs,spec.fb_rolloff95_hz_med,95% roll-off (Hz),90,1003,875.0000,812.5000,-0.0023,-0.1189,0.1322,0.0023
Commercial cloner: PlayHT,bg.floor_std_db,noise-floor variability (dB),39,978,6.9276,4.2379,0.5139,0.3169,0.6851,0.5139
Commercial cloner: PlayHT,lpc.res_kurtosis_med,LPC residual kurtosis,45,1003,3.0242,4.5151,-0.4775,-0.6120,-0.3399,0.4775
Commercial cloner: PlayHT,bg.snr_db,estimated SNR (dB),39,978,30.2380,24.3620,0.4765,0.2449,0.6755,0.4765
Commercial cloner: PlayHT,spec.fb_hiflatness_db_p90,"high-band spectral flatness, p90 (dB)",45,1003,-2.9395,-3.3471,0.4524,0.2924,0.6150,0.4524
Commercial cloner: PlayHT,spec.ltas_ripple_std_db,long-term spectral ripple (dB),45,1003,1.7310,2.1984,-0.4136,-0.5687,-0.2482,0.4136
Commercial cloner: PlayHT,spec.fb_flux_iqr,spectral flux spread (IQR),45,1003,0.0436,0.0485,-0.3523,-0.5086,-0.1393,0.3523
Commercial cloner: PlayHT,pros.f0_dst_std,pitch-change variability (semitones),45,1001,0.5124,0.6516,-0.2700,-0.4225,-0.1097,0.2700
Commercial cloner: PlayHT,phase.ifjump_hz_med,instantaneous-frequency jumps (Hz),45,1003,12.8915,10.6243,0.2510,0.0707,0.4066,0.2510
Commercial cloner: PlayHT,bg.frame_level_std_db,frame loudness variability (dB),39,978,3.2951,2.6700,0.2478,-0.0172,0.5051,0.2478
Commercial cloner: PlayHT,spec.band_50_250_db_med,energy 50-250 Hz (dB),45,1003,-6.1064,-4.7110,-0.2110,-0.4142,0.0083,0.2110
Commercial cloner: PlayHT,pros.shimmer_local,shimmer,45,1001,0.1013,0.0919,0.1953,-0.0235,0.3654,0.1953
Commercial cloner: PlayHT,pros.pauses_per_active_s,pauses per active second,45,1001,0.3650,0.0000,0.1672,-0.0010,0.3160,0.1672
Commercial cloner: PlayHT,pros.hnr_db,harmonics-to-noise ratio (dB),45,1001,11.3730,12.5630,-0.1635,-0.3805,0.0302,0.1635
Commercial cloner: PlayHT,spec.band_6000_7000_db_med,energy 6-7 kHz (dB),45,1003,-45.7093,-48.1941,0.1546,-0.0529,0.3428,0.1546
Commercial cloner: PlayHT,spec.fb_centroid_hz_med,spectral centroid (Hz),45,1003,447.5848,430.1787,0.0776,-0.1165,0.2589,0.0776
Commercial cloner: PlayHT,spec.fb_rolloff95_hz_med,95% roll-off (Hz),45,1003,921.8750,812.5000,0.0539,-0.1359,0.2345,0.0539
Commercial cloner: PlayHT,bg.noise_flatness_db,background-noise flatness (dB),39,978,-12.5536,-11.2569,-0.0375,-0.2174,0.1490,0.0375
Commercial cloner: PlayHT,pros.f0_st_std,pitch variability (semitones),45,1001,3.1713,3.3609,-0.0206,-0.2030,0.1545,0.0206
Commercial cloner: PlayHT,pros.jitter_local,jitter,45,1001,0.0238,0.0238,-0.0129,-0.1651,0.1671,0.0129
Commercial cloner: PlayHT,lpc.pred_gain_db_med,LPC prediction gain (dB),45,1003,24.2834,24.6236,0.0041,-0.1914,0.2199,0.0041
LJ-voice diffusion TTS,bg.snr_db,estimated SNR (dB),23,978,38.2880,24.3620,0.9265,0.7986,0.9892,0.9265
LJ-voice diffusion TTS,lpc.res_kurtosis_med,LPC residual kurtosis,25,1003,2.1744,4.5151,-0.7849,-0.8759,-0.6813,0.7849
LJ-voice diffusion TTS,spec.fb_flux_iqr,spectral flux spread (IQR),25,1003,0.0331,0.0485,-0.7433,-0.8891,-0.5702,0.7433
LJ-voice diffusion TTS,bg.floor_std_db,noise-floor variability (dB),23,978,10.4872,4.2379,0.7290,0.4797,0.9124,0.7290
LJ-voice diffusion TTS,spec.band_50_250_db_med,energy 50-250 Hz (dB),25,1003,-8.0374,-4.7110,-0.5440,-0.7151,-0.3344,0.5440
LJ-voice diffusion TTS,pros.pauses_per_active_s,pauses per active second,25,1001,0.4651,0.0000,0.4525,0.3090,0.5883,0.4525
LJ-voice diffusion TTS,bg.frame_level_std_db,frame loudness variability (dB),23,978,1.5687,2.6700,-0.4481,-0.7350,-0.0979,0.4481
LJ-voice diffusion TTS,pros.f0_dst_std,pitch-change variability (semitones),25,1001,0.4428,0.6516,-0.3974,-0.5656,-0.2026,0.3974
LJ-voice diffusion TTS,spec.fb_centroid_hz_med,spectral centroid (Hz),25,1003,468.6925,430.1787,0.3700,0.1277,0.5556,0.3700
LJ-voice diffusion TTS,pros.shimmer_local,shimmer,25,1001,0.1018,0.0919,0.3574,0.0991,0.6114,0.3574
LJ-voice diffusion TTS,bg.noise_flatness_db,background-noise flatness (dB),23,978,-9.2675,-11.2569,0.3350,0.1050,0.5384,0.3350
LJ-voice diffusion TTS,spec.fb_hiflatness_db_p90,"high-band spectral flatness, p90 (dB)",25,1003,-2.9363,-3.3471,0.3221,0.0742,0.5564,0.3221
LJ-voice diffusion TTS,spec.fb_rolloff95_hz_med,95% roll-off (Hz),25,1003,1093.7500,812.5000,0.3140,0.1008,0.5253,0.3140
LJ-voice diffusion TTS,spec.ltas_ripple_std_db,long-term spectral ripple (dB),25,1003,1.8797,2.1984,-0.3101,-0.4420,-0.1486,0.3101
LJ-voice diffusion TTS,pros.jitter_local,jitter,25,1001,0.0216,0.0238,-0.2558,-0.4704,-0.0396,0.2558
LJ-voice diffusion TTS,lpc.pred_gain_db_med,LPC prediction gain (dB),25,1003,26.5811,24.6236,0.2421,-0.0628,0.5156,0.2421
LJ-voice diffusion TTS,pros.hnr_db,harmonics-to-noise ratio (dB),25,1001,11.9561,12.5630,-0.1411,-0.3921,0.1407,0.1411
LJ-voice diffusion TTS,phase.ifjump_hz_med,instantaneous-frequency jumps (Hz),25,1003,11.0749,10.6243,0.1210,-0.0943,0.3650,0.1210
LJ-voice diffusion TTS,pros.f0_st_std,pitch variability (semitones),25,1001,3.1730,3.3609,-0.0992,-0.2921,0.1117,0.0992
LJ-voice diffusion TTS,spec.band_6000_7000_db_med,energy 6-7 kHz (dB),25,1003,-50.3647,-48.1941,-0.0975,-0.3716,0.1701,0.0975
"Open zero-shot cloners: XTTS v2, YourTTS",bg.snr_db,estimated SNR (dB),65,978,29.8862,24.3620,0.5529,0.3939,0.6889,0.5529
"Open zero-shot cloners: XTTS v2, YourTTS",spec.ltas_ripple_std_db,long-term spectral ripple (dB),82,1003,1.7694,2.1984,-0.4200,-0.5443,-0.2983,0.4200
"Open zero-shot cloners: XTTS v2, YourTTS",bg.floor_std_db,noise-floor variability (dB),65,978,5.7884,4.2379,0.3622,0.1829,0.5396,0.3622
"Open zero-shot cloners: XTTS v2, YourTTS",spec.fb_hiflatness_db_p90,"high-band spectral flatness, p90 (dB)",82,1003,-3.0376,-3.3471,0.3106,0.1720,0.4291,0.3106
"Open zero-shot cloners: XTTS v2, YourTTS",bg.noise_flatness_db,background-noise flatness (dB),65,978,-7.8621,-11.2569,0.3053,0.1308,0.4350,0.3053
"Open zero-shot cloners: XTTS v2, YourTTS",pros.pauses_per_active_s,pauses per active second,82,1001,0.4228,0.0000,0.2901,0.1844,0.4137,0.2901
"Open zero-shot cloners: XTTS v2, YourTTS",spec.fb_flux_iqr,spectral flux spread (IQR),82,1003,0.0444,0.0485,-0.2891,-0.4235,-0.1636,0.2891
"Open zero-shot cloners: XTTS v2, YourTTS",pros.f0_dst_std,pitch-change variability (semitones),82,1001,0.5318,0.6516,-0.2862,-0.3850,-0.1724,0.2862
"Open zero-shot cloners: XTTS v2, YourTTS",lpc.res_kurtosis_med,LPC residual kurtosis,82,1003,3.5439,4.5151,-0.2534,-0.3800,-0.1286,0.2534
"Open zero-shot cloners: XTTS v2, YourTTS",spec.band_50_250_db_med,energy 50-250 Hz (dB),82,1003,-5.6475,-4.7110,-0.1718,-0.3184,-0.0340,0.1718
"Open zero-shot cloners: XTTS v2, YourTTS",lpc.pred_gain_db_med,LPC prediction gain (dB),82,1003,25.4330,24.6236,0.1376,0.0218,0.2506,0.1376
"Open zero-shot cloners: XTTS v2, YourTTS",pros.f0_st_std,pitch variability (semitones),82,1001,2.9439,3.3609,-0.1283,-0.2263,-0.0256,0.1283
"Open zero-shot cloners: XTTS v2, YourTTS",pros.jitter_local,jitter,82,1001,0.0222,0.0238,-0.1245,-0.2813,0.0175,0.1245
"Open zero-shot cloners: XTTS v2, YourTTS",bg.frame_level_std_db,frame loudness variability (dB),65,978,2.7872,2.6700,0.1031,-0.0985,0.2805,0.1031
"Open zero-shot cloners: XTTS v2, YourTTS",pros.hnr_db,harmonics-to-noise ratio (dB),82,1001,12.9382,12.5630,0.0820,-0.0609,0.2154,0.0820
"Open zero-shot cloners: XTTS v2, YourTTS",spec.band_6000_7000_db_med,energy 6-7 kHz (dB),82,1003,-48.5724,-48.1941,-0.0248,-0.1471,0.1025,0.0248
"Open zero-shot cloners: XTTS v2, YourTTS",phase.ifjump_hz_med,instantaneous-frequency jumps (Hz),82,1003,10.7457,10.6243,0.0168,-0.0881,0.1419,0.0168
"Open zero-shot cloners: XTTS v2, YourTTS",spec.fb_rolloff95_hz_med,95% roll-off (Hz),82,1003,851.5625,812.5000,0.0104,-0.1277,0.1249,0.0104
"Open zero-shot cloners: XTTS v2, YourTTS",pros.shimmer_local,shimmer,82,1001,0.0923,0.0919,0.0048,-0.1159,0.1529,0.0048
"Open zero-shot cloners: XTTS v2, YourTTS",spec.fb_centroid_hz_med,spectral centroid (Hz),82,1003,439.0873,430.1787,0.0017,-0.1287,0.1403,0.0017
Real LJSpeech,bg.frame_level_std_db,frame loudness variability (dB),10,978,3.3517,2.6700,0.4018,0.0046,0.8028,0.4018
Real LJSpeech,bg.floor_std_db,noise-floor variability (dB),10,978,5.2571,4.2379,0.3624,-0.0098,0.6772,0.3624
Real LJSpeech,lpc.res_kurtosis_med,LPC residual kurtosis,10,1003,4.0590,4.5151,-0.3326,-0.6311,-0.0351,0.3326
Real LJSpeech,spec.fb_hiflatness_db_p90,"high-band spectral flatness, p90 (dB)",10,1003,-3.1717,-3.3471,0.2740,-0.1645,0.6602,0.2740
Real LJSpeech,phase.ifjump_hz_med,instantaneous-frequency jumps (Hz),10,1003,12.0902,10.6243,0.2508,-0.1185,0.6006,0.2508
Real LJSpeech,bg.snr_db,estimated SNR (dB),10,978,25.9278,24.3620,0.2252,-0.1768,0.5904,0.2252
Real LJSpeech,spec.fb_centroid_hz_med,spectral centroid (Hz),10,1003,513.4555,430.1787,0.2034,-0.2693,0.6411,0.2034
Real LJSpeech,spec.band_6000_7000_db_med,energy 6-7 kHz (dB),10,1003,-44.1262,-48.1941,0.1815,-0.2842,0.6183,0.1815
Real LJSpeech,spec.fb_rolloff95_hz_med,95% roll-off (Hz),10,1003,1281.2500,812.5000,0.1720,-0.2979,0.5788,0.1720
Real LJSpeech,pros.pauses_per_active_s,pauses per active second,9,1001,0.3472,0.0000,0.1655,-0.2630,0.5330,0.1655
Real LJSpeech,spec.band_50_250_db_med,energy 50-250 Hz (dB),10,1003,-6.2605,-4.7110,-0.1587,-0.5915,0.3071,0.1587
Real LJSpeech,lpc.pred_gain_db_med,LPC prediction gain (dB),10,1003,23.1940,24.6236,-0.1573,-0.5681,0.3158,0.1573
Real LJSpeech,spec.fb_flux_iqr,spectral flux spread (IQR),10,1003,0.0532,0.0485,0.1496,-0.3223,0.5479,0.1496
Real LJSpeech,pros.shimmer_local,shimmer,9,1001,0.0902,0.0919,-0.0920,-0.5329,0.3443,0.0920
Real LJSpeech,pros.jitter_local,jitter,9,1001,0.0246,0.0238,-0.0918,-0.4238,0.2464,0.0918
Real LJSpeech,pros.f0_dst_std,pitch-change variability (semitones),9,1001,0.7193,0.6516,-0.0869,-0.4477,0.2877,0.0869
Real LJSpeech,bg.noise_flatness_db,background-noise flatness (dB),10,978,-10.6477,-11.2569,0.0151,-0.3830,0.4077,0.0151
Real LJSpeech,pros.hnr_db,harmonics-to-noise ratio (dB),9,1001,12.0725,12.5630,0.0134,-0.3072,0.3639,0.0134
Real LJSpeech,pros.f0_st_std,pitch variability (semitones),9,1001,4.0449,3.3609,-0.0119,-0.4402,0.3401,0.0119
Real LJSpeech,spec.ltas_ripple_std_db,long-term spectral ripple (dB),10,1003,2.1818,2.1984,0.0024,-0.3718,0.4481,0.0024
"Unit-based cloning and conversion: UnitSpeech, OpenVoice v2",bg.snr_db,estimated SNR (dB),58,978,32.2096,24.3620,0.5743,0.4045,0.7305,0.5743
"Unit-based cloning and conversion: UnitSpeech, OpenVoice v2",spec.ltas_ripple_std_db,long-term spectral ripple (dB),69,1003,1.6044,2.1984,-0.5076,-0.6246,-0.3927,0.5076
"Unit-based cloning and conversion: UnitSpeech, OpenVoice v2",bg.floor_std_db,noise-floor variability (dB),58,978,8.2422,4.2379,0.5039,0.3179,0.6676,0.5039
"Unit-based cloning and conversion: UnitSpeech, OpenVoice v2",spec.fb_hiflatness_db_p90,"high-band spectral flatness, p90 (dB)",69,1003,-2.8138,-3.3471,0.4603,0.3224,0.5983,0.4603
"Unit-based cloning and conversion: UnitSpeech, OpenVoice v2",spec.fb_flux_iqr,spectral flux spread (IQR),69,1003,0.0409,0.0485,-0.4368,-0.5919,-0.2852,0.4368
"Unit-based cloning and conversion: UnitSpeech, OpenVoice v2",bg.noise_flatness_db,background-noise flatness (dB),58,978,-7.7803,-11.2569,0.4194,0.2772,0.5565,0.4194
"Unit-based cloning and conversion: UnitSpeech, OpenVoice v2",pros.f0_dst_std,pitch-change variability (semitones),69,1001,0.4887,0.6516,-0.3441,-0.4660,-0.2188,0.3441
"Unit-based cloning and conversion: UnitSpeech, OpenVoice v2",spec.band_6000_7000_db_med,energy 6-7 kHz (dB),69,1003,-44.6422,-48.1941,0.2687,0.1425,0.4022,0.2687
"Unit-based cloning and conversion: UnitSpeech, OpenVoice v2",spec.band_50_250_db_med,energy 50-250 Hz (dB),69,1003,-6.0887,-4.7110,-0.2515,-0.3848,-0.0946,0.2515
"Unit-based cloning and conversion: UnitSpeech, OpenVoice v2",pros.jitter_local,jitter,69,1001,0.0216,0.0238,-0.2293,-0.3641,-0.0949,0.2293
"Unit-based cloning and conversion: UnitSpeech, OpenVoice v2",lpc.res_kurtosis_med,LPC residual kurtosis,69,1003,3.9104,4.5151,-0.2118,-0.3580,-0.0487,0.2118
"Unit-based cloning and conversion: UnitSpeech, OpenVoice v2",spec.fb_rolloff95_hz_med,95% roll-off (Hz),69,1003,1000.0000,812.5000,0.1725,0.0101,0.3198,0.1725
"Unit-based cloning and conversion: UnitSpeech, OpenVoice v2",spec.fb_centroid_hz_med,spectral centroid (Hz),69,1003,464.4527,430.1787,0.1650,0.0177,0.3217,0.1650
"Unit-based cloning and conversion: UnitSpeech, OpenVoice v2",lpc.pred_gain_db_med,LPC prediction gain (dB),69,1003,23.9828,24.6236,-0.1405,-0.2881,0.0247,0.1405
"Unit-based cloning and conversion: UnitSpeech, OpenVoice v2",pros.f0_st_std,pitch variability (semitones),69,1001,3.0976,3.3609,-0.1332,-0.2568,-0.0107,0.1332
"Unit-based cloning and conversion: UnitSpeech, OpenVoice v2",phase.ifjump_hz_med,instantaneous-frequency jumps (Hz),69,1003,11.7908,10.6243,0.1264,-0.0094,0.2644,0.1264
"Unit-based cloning and conversion: UnitSpeech, OpenVoice v2",pros.pauses_per_active_s,pauses per active second,69,1001,0.3650,0.0000,0.1247,-0.0075,0.2541,0.1247
"Unit-based cloning and conversion: UnitSpeech, OpenVoice v2",pros.hnr_db,harmonics-to-noise ratio (dB),69,1001,11.9123,12.5630,-0.1139,-0.2706,0.0571,0.1139
"Unit-based cloning and conversion: UnitSpeech, OpenVoice v2",pros.shimmer_local,shimmer,69,1001,0.0942,0.0919,0.0327,-0.1153,0.1927,0.0327
"Unit-based cloning and conversion: UnitSpeech, OpenVoice v2",bg.frame_level_std_db,frame loudness variability (dB),58,978,2.6004,2.6700,0.0080,-0.2232,0.2214,0.0080
