filename	cm-score
HGT1013455.wav	0.0004148957
HGT1027213.wav	0.9773023129
HGT1029437.wav	0.0004432755
HGT1046947.wav	0.9979735017
HGT1048546.wav	0.0006603200
HGT1059546.wav	0.0003854333
HGT1065837.wav	0.0002452645
HGT1074926.wav	0.9994525313
HGT1076008.wav	0.9990047812
HGT1076625.wav	0.0003731208
HGT1078475.wav	0.0002503843
HGT1078865.wav	0.0004513410
HGT1079053.wav	0.0005161967
HGT1080435.wav	0.0003670392
HGT1087600.wav	0.0003545011
HGT1095703.wav	0.0002344810
HGT1095881.wav	0.0002433089
HGT1101887.wav	0.0003451028
HGT1108394.wav	0.0002709799
HGT1112031.wav	0.0512707382
HGT1119749.wav	0.9980803728
HGT1135324.wav	0.0003247026
HGT1150418.wav	0.9992647767
HGT1156575.wav	0.0002564439
HGT1160303.wav	0.0010088739
HGT1162530.wav	0.0005026964
HGT1167935.wav	0.0008877398
HGT1171242.wav	0.0003181260
HGT1175953.wav	0.0003215901
HGT1177373.wav	0.0002131056
HGT1180125.wav	0.9977523685
HGT1196573.wav	0.0003355180
HGT1206946.wav	0.0003791302
HGT1211283.wav	0.0003213216
HGT1217313.wav	0.0003136918
HGT1221277.wav	0.9992318153
HGT1231371.wav	0.0003767771
HGT1231663.wav	0.9990798235
HGT1247495.wav	0.0003881272
HGT1250967.wav	0.0006016014
HGT1252382.wav	0.0005517380
HGT1267631.wav	0.0011337829
HGT1273281.wav	0.0004088232
HGT1277167.wav	0.0002699199
HGT1286435.wav	0.0007740444
HGT1295273.wav	0.0020191993
HGT1298217.wav	0.0007872176
HGT1302610.wav	0.0008030070
HGT1310023.wav	0.9995024204
HGT1312950.wav	0.9992280006
HGT1322477.wav	0.0002772651
HGT1323375.wav	0.9995105267
HGT1326973.wav	0.0006515320
HGT1341712.wav	0.0001878769
HGT1346317.wav	0.0001996349
HGT1355175.wav	0.0080118347
HGT1356500.wav	0.0002774651
HGT1361375.wav	0.0017550020
HGT1367237.wav	0.0003443729
HGT1378565.wav	0.9993079901
HGT1423683.wav	0.0003094716
HGT1425064.wav	0.9989187717
HGT1426588.wav	0.9994258881
HGT1427045.wav	0.0002220985
HGT1428082.wav	0.0003147325
HGT1432483.wav	0.9992844462
HGT1434611.wav	0.9991430044
HGT1436404.wav	0.0005187913
HGT1441410.wav	0.0002193676
HGT1442378.wav	0.0042924369
HGT1444231.wav	0.0003450660
HGT1446333.wav	0.9983103275
HGT1447073.wav	0.0002808023
HGT1449929.wav	0.0006203020
HGT1457035.wav	0.0002894253
HGT1457930.wav	0.0003703492
HGT1460292.wav	0.9987548590
HGT1462625.wav	0.0004642511
HGT1467190.wav	0.0002916016
HGT1474298.wav	0.0003250222
HGT1483864.wav	0.0002451359
HGT1495754.wav	0.9990906715
HGT1502001.wav	0.0015557642
HGT1502491.wav	0.9993609786
HGT1503106.wav	0.0005514772
HGT1504572.wav	0.0008067277
HGT1510590.wav	0.0003925669
HGT1513611.wav	0.0004729094
HGT1519682.wav	0.2564855814
HGT1526494.wav	0.0003165256
HGT1527864.wav	0.0003386677
HGT1529577.wav	0.9993907213
HGT1538647.wav	0.0086789886
HGT1548780.wav	0.0001785156
HGT1551403.wav	0.0015443609
HGT1556522.wav	0.0006558933
HGT1557957.wav	0.9995663762
HGT1560269.wav	0.0002449219
HGT1563003.wav	0.0003785823
HGT1569066.wav	0.0011372886
HGT1573843.wav	0.9992344379
HGT1577598.wav	0.0006958893
HGT1585939.wav	0.0002684951
HGT1589323.wav	0.9983261228
HGT1597760.wav	0.0005348386
HGT1599335.wav	0.9994311929
HGT1599525.wav	0.9994563460
HGT1601027.wav	0.9970787764
HGT1607363.wav	0.0002271486
HGT1609843.wav	0.0002254030
HGT1617927.wav	0.0003824201
HGT1619235.wav	0.0003162092
HGT1622407.wav	0.0002508240
HGT1624324.wav	0.0005934610
HGT1629692.wav	0.9994305968
HGT1630688.wav	0.9993885756
HGT1632484.wav	0.0384105407
HGT1632867.wav	0.9995040894
HGT1634559.wav	0.9993840456
HGT1641684.wav	0.0002428607
HGT1641894.wav	0.0003658449
HGT1645820.wav	0.0038139685
HGT1649852.wav	0.9993091822
HGT1650050.wav	0.9994188547
HGT1666092.wav	0.0003070936
HGT1671489.wav	0.2941087782
HGT1672742.wav	0.0006088220
HGT1674660.wav	0.0001653145
HGT1681460.wav	0.0003748835
HGT1685218.wav	0.0011130766
HGT1693264.wav	0.0001781953
HGT1695757.wav	0.0004196055
HGT1696763.wav	0.0012896684
HGT1701234.wav	0.0006205030
HGT1713163.wav	0.0007189945
HGT1713250.wav	0.0002078603
HGT1716390.wav	0.0003583061
HGT1719913.wav	0.0003495041
HGT1722012.wav	0.0003040368
HGT1733690.wav	0.0002387608
HGT1739846.wav	0.9980099797
HGT1743182.wav	0.9993784428
HGT1751352.wav	0.9990794659
HGT1753209.wav	0.0002147251
HGT1756043.wav	0.0002724516
HGT1760496.wav	0.0002862233
HGT1763816.wav	0.0005717945
HGT1764979.wav	0.0004496957
HGT1765737.wav	0.0002705880
HGT1767679.wav	0.0004426455
HGT1769378.wav	0.0003766165
HGT1774903.wav	0.9993322492
HGT1777689.wav	0.9991965890
HGT1782014.wav	0.0005155526
HGT1783554.wav	0.9994413257
HGT1792528.wav	0.9990719557
HGT1792743.wav	0.0004226831
HGT1794158.wav	0.0002884623
HGT1798189.wav	0.0002571270
HGT1804611.wav	0.0001721439
HGT1809920.wav	0.9990079999
HGT1813886.wav	0.0002450134
HGT1817253.wav	0.0006535278
HGT1821825.wav	0.0010600666
HGT1824308.wav	0.9993497729
HGT1831431.wav	0.9991882443
HGT1839606.wav	0.0004297964
HGT1854846.wav	0.0001949590
HGT1856122.wav	0.0003124192
HGT1856760.wav	0.0003439906
HGT1859948.wav	0.9995332956
HGT1866266.wav	0.9987072945
HGT1876795.wav	0.0003393109
HGT1878710.wav	0.0003109942
HGT1879733.wav	0.9994654059
HGT1880318.wav	0.0001850296
HGT1896212.wav	0.0004834187
HGT1897799.wav	0.0003358364
HGT1898131.wav	0.0002626504
HGT1900652.wav	0.0010436390
HGT1905886.wav	0.0006562847
HGT1909825.wav	0.0047885436
HGT1914656.wav	0.0006556120
HGT1921574.wav	0.0105051007
HGT1925841.wav	0.0002307924
HGT1925947.wav	0.0001848995
HGT1941640.wav	0.0001785736
HGT1949933.wav	0.0003700390
HGT1956439.wav	0.0007310016
HGT1961562.wav	0.9995274544
HGT1972671.wav	0.9935805798
HGT1980973.wav	0.0004349583
HGT1989714.wav	0.0006985106
HGT2016856.wav	0.9989832044
HGT2019835.wav	0.9995051622
HGT2021979.wav	0.0004313857
HGT2024949.wav	0.9994062185
HGT2026574.wav	0.0002229401
HGT2029371.wav	0.0003689976
HGT2034442.wav	0.9992944002
HGT2037767.wav	0.0005132270
HGT2039810.wav	0.0002618683
HGT2048554.wav	0.0002726676
HGT2063125.wav	0.0001899852
HGT2063344.wav	0.0001856294
HGT2065361.wav	0.9966325164
HGT2069284.wav	0.0002725969
HGT2075355.wav	0.9990385771
HGT2078217.wav	0.0003352498
HGT2080120.wav	0.9976941943
HGT2083258.wav	0.9994774461
HGT2088600.wav	0.0022564791
HGT2092715.wav	0.9991322160
HGT2096248.wav	0.9991996884
HGT2103367.wav	0.9981551766
HGT2112526.wav	0.0007644977
HGT2113525.wav	0.0003088120
HGT2121335.wav	0.0090090418
HGT2140143.wav	0.0003786924
HGT2140666.wav	0.0339651220
HGT2143491.wav	0.0005028661
HGT2144695.wav	0.9992794394
HGT2144894.wav	0.0002075486
HGT2152686.wav	0.0004164041
HGT2154657.wav	0.0003126945
HGT2157958.wav	0.0002339852
HGT2159785.wav	0.0002446423
HGT2163380.wav	0.0148011353
HGT2166825.wav	0.0010167389
HGT2172020.wav	0.0003511225
HGT2174268.wav	0.9979692101
HGT2186886.wav	0.0009596692
HGT2195776.wav	0.0003572559
HGT2209272.wav	0.0003945933
HGT2211666.wav	0.0003277877
HGT2213726.wav	0.0003236947
HGT2234114.wav	0.0004497185
HGT2234601.wav	0.0011302857
HGT2244643.wav	0.0003715784
HGT2249418.wav	0.0002680186
HGT2255927.wav	0.9993662238
HGT2256950.wav	0.0008713627
HGT2257842.wav	0.9994903803
HGT2271892.wav	0.0004931907
HGT2272542.wav	0.0003099284
HGT2278503.wav	0.9993164539
HGT2278539.wav	0.0003477024
HGT2293248.wav	0.0002306345
HGT2297609.wav	0.0002931058
HGT2298188.wav	0.0004560785
HGT2300097.wav	0.0002917245
HGT2305393.wav	0.9988320470
HGT2316989.wav	0.9993953705
HGT2319226.wav	0.9986016154
HGT2320020.wav	0.0003756240
HGT2329466.wav	0.0004259782
HGT2335065.wav	0.0005322770
HGT2345767.wav	0.0002260541
HGT2348845.wav	0.0003130447
HGT2353440.wav	0.0004394858
HGT2357164.wav	0.0002647106
HGT2360253.wav	0.0002435487
HGT2360850.wav	0.9987998009
HGT2367488.wav	0.9988810420
HGT2368188.wav	0.0007397509
HGT2375292.wav	0.0002144405
HGT2381771.wav	0.0003075199
HGT2383708.wav	0.0017515653
HGT2384401.wav	0.9992935658
HGT2384719.wav	0.0004895444
HGT2388141.wav	0.0002659984
HGT2394006.wav	0.9970777035
HGT2400067.wav	0.0004253168
HGT2406391.wav	0.9995318651
HGT2406504.wav	0.0004394637
HGT2419574.wav	0.0002580025
HGT2421658.wav	0.0004601984
HGT2422776.wav	0.0004460672
HGT2431857.wav	0.0012058027
HGT2432375.wav	0.9994256496
HGT2432725.wav	0.0002959092
HGT2433241.wav	0.0004116349
HGT2435062.wav	0.0002809745
HGT2447677.wav	0.0009512026
HGT2448531.wav	0.0002554167
HGT2453521.wav	0.9992883801
HGT2454060.wav	0.0022023520
HGT2467222.wav	0.0001776054
HGT2472650.wav	0.0002694802
HGT2474768.wav	0.0007440176
HGT2475123.wav	0.0003657755
HGT2477876.wav	0.0005867864
HGT2480827.wav	0.9983377457
HGT2484611.wav	0.0003493851
HGT2487533.wav	0.0003738984
HGT2493361.wav	0.0001822677
HGT2520934.wav	0.9995076656
HGT2522587.wav	0.0003230861
HGT2524532.wav	0.0006330321
HGT2530228.wav	0.0172382034
HGT2537166.wav	0.9988100529
HGT2538335.wav	0.9993118048
HGT2546033.wav	0.0002997352
HGT2547188.wav	0.0012225723
HGT2554064.wav	0.0008333748
HGT2559881.wav	0.0003809253
HGT2560900.wav	0.0002909334
HGT2561031.wav	0.9990831614
HGT2563556.wav	0.0003540151
HGT2570783.wav	0.0003442718
HGT2595488.wav	0.0003838624
HGT2597337.wav	0.0002652154
HGT2599269.wav	0.9995408058
HGT2607768.wav	0.0003272338
HGT2608474.wav	0.0009751423
HGT2617942.wav	0.0002115781
HGT2619354.wav	0.9648178816
HGT2625598.wav	0.0023420425
HGT2628500.wav	0.0005035228
HGT2629569.wav	0.9994846582
HGT2643796.wav	0.0004023928
HGT2645595.wav	0.9993933439
HGT2649960.wav	0.9992627501
HGT2662010.wav	0.0003904377
HGT2666920.wav	0.0003374038
HGT2672815.wav	0.0002792847
HGT2678552.wav	0.0003574985
HGT2683246.wav	0.0004351956
HGT2685810.wav	0.0003678355
HGT2695286.wav	0.0003379930
HGT2697196.wav	0.0005997407
HGT2697551.wav	0.0002676943
HGT2698177.wav	0.9992398024
HGT2700746.wav	0.9972700477
HGT2709416.wav	0.0004142800
HGT2713032.wav	0.0001833825
HGT2713461.wav	0.9992526174
HGT2717464.wav	0.0003413305
HGT2722180.wav	0.0011307908
HGT2727000.wav	0.9993865490
HGT2733882.wav	0.0002572214
HGT2741683.wav	0.0003506043
HGT2751250.wav	0.0003996114
HGT2756311.wav	0.0098430831
HGT2759591.wav	0.0002606898
HGT2763612.wav	0.9963117242
HGT2774455.wav	0.0004981055
HGT2784205.wav	0.0003676293
HGT2790711.wav	0.0001891311
HGT2797499.wav	0.0061763749
HGT2801321.wav	0.0004575943
HGT2804107.wav	0.0004358852
HGT2815331.wav	0.9993652701
HGT2816091.wav	0.0042750025
HGT2816769.wav	0.0003973125
HGT2818196.wav	0.0004185680
HGT2821596.wav	0.9990904331
HGT2821641.wav	0.0003881871
HGT2822208.wav	0.9982125759
HGT2826806.wav	0.0018938060
HGT2831389.wav	0.0004379335
HGT2831586.wav	0.9990608096
HGT2832248.wav	0.0003015007
HGT2832662.wav	0.9986503720
HGT2857443.wav	0.0003970680
HGT2859897.wav	0.9994285703
HGT2869679.wav	0.9981850982
HGT2874120.wav	0.9991956353
HGT2875918.wav	0.9993146658
HGT2879231.wav	0.0003607479
HGT2888075.wav	0.9993414283
HGT2890759.wav	0.0003585836
HGT2893119.wav	0.0003975126
HGT2894056.wav	0.0003689596
HGT2895064.wav	0.0003795247
HGT2901484.wav	0.9988884330
HGT2909707.wav	0.0004637142
HGT2913243.wav	0.0004509539
HGT2913661.wav	0.0001909537
HGT2917440.wav	0.9992648959
HGT2919329.wav	0.0006654283
HGT2922383.wav	0.0003690666
HGT2931686.wav	0.0005818410
HGT2934417.wav	0.0002693733
HGT2938565.wav	0.0002796209
HGT2967007.wav	0.0002650498
HGT2967499.wav	0.0001721602
HGT2968999.wav	0.0003943064
HGT2969513.wav	0.0003849303
HGT2980282.wav	0.9989487529
HGT2992520.wav	0.0003535065
HGT3013254.wav	0.9990754128
HGT3021678.wav	0.8295691013
HGT3029132.wav	0.0003596007
HGT3030733.wav	0.9989756346
HGT3030755.wav	0.9985647798
HGT3033618.wav	0.9990731478
HGT3033778.wav	0.9636878967
HGT3039850.wav	0.0008797310
HGT3067486.wav	0.9993927479
HGT3076633.wav	0.0002801746
HGT3091031.wav	0.9993942976
HGT3094895.wav	0.0003527520
HGT3096416.wav	0.0007878901
HGT3097532.wav	0.0003005287
HGT3106794.wav	0.0003571054
HGT3112716.wav	0.0025693842
HGT3127535.wav	0.9994677901
HGT3139745.wav	0.0003021853
HGT3164705.wav	0.0004141137
HGT3164708.wav	0.0004605613
HGT3166664.wav	0.0004834745
HGT3173553.wav	0.0004798885
HGT3174759.wav	0.0005432612
HGT3175336.wav	0.0002585346
HGT3190357.wav	0.0002754810
HGT3200163.wav	0.0005167718
HGT3215619.wav	0.0004464803
HGT3221765.wav	0.0004866997
HGT3223298.wav	0.0002978318
HGT3228439.wav	0.0002564481
HGT3229000.wav	0.0009981185
HGT3237868.wav	0.9992313385
HGT3242656.wav	0.9994760156
HGT3247160.wav	0.0007553711
HGT3250490.wav	0.0006436267
HGT3250894.wav	0.0008850102
HGT3256737.wav	0.0003087193
HGT3259751.wav	0.0003376818
HGT3272448.wav	0.9993922710
HGT3274858.wav	0.9974583983
HGT3280112.wav	0.0002794908
HGT3285300.wav	0.0004727377
HGT3287723.wav	0.0002698640
HGT3288017.wav	0.9920637012
HGT3289837.wav	0.9992572665
HGT3292985.wav	0.9981142282
HGT3298714.wav	0.0003880757
HGT3301710.wav	0.0004157315
HGT3302899.wav	0.9989990592
HGT3306177.wav	0.9986762404
HGT3309260.wav	0.0003711083
HGT3310822.wav	0.9976995587
HGT3317712.wav	0.0003345818
HGT3320569.wav	0.0001876712
HGT3320598.wav	0.0005476199
HGT3323717.wav	0.0001751440
HGT3326864.wav	0.0002560684
HGT3335005.wav	0.0002340187
HGT3339275.wav	0.0011954448
HGT3340512.wav	0.9987175465
HGT3345202.wav	0.0003481320
HGT3348440.wav	0.0004266588
HGT3349156.wav	0.0002716794
HGT3353604.wav	0.0003165516
HGT3354961.wav	0.9929414988
HGT3369322.wav	0.9992206097
HGT3371163.wav	0.0003822903
HGT3372684.wav	0.0003028443
HGT3373813.wav	0.0004976376
HGT3374547.wav	0.0006816654
HGT3375597.wav	0.0005449815
HGT3376773.wav	0.0007987851
HGT3390618.wav	0.0002204617
HGT3395997.wav	0.9994106293
HGT3396617.wav	0.0002538435
HGT3398149.wav	0.0002119983
HGT3399345.wav	0.9994881153
HGT3400811.wav	0.0002913790
HGT3401179.wav	0.9984771609
HGT3406210.wav	0.0004933350
HGT3415309.wav	0.0008344929
HGT3431070.wav	0.0012815160
HGT3435878.wav	0.0004818095
HGT3436377.wav	0.0002662562
HGT3436990.wav	0.0007889517
HGT3440925.wav	0.0005651232
HGT3448291.wav	0.0023053598
HGT3452853.wav	0.0002716797
HGT3456740.wav	0.0002747518
HGT3460757.wav	0.0004141079
HGT3462269.wav	0.0002311802
HGT3464604.wav	0.0005226284
HGT3465719.wav	0.0005708416
HGT3473690.wav	0.9990919828
HGT3474552.wav	0.0005011912
HGT3485288.wav	0.0008972273
HGT3495411.wav	0.0004485090
HGT3497240.wav	0.0003063964
HGT3505457.wav	0.0003229201
HGT3511925.wav	0.0003345139
HGT3513862.wav	0.0003357251
HGT3515050.wav	0.0008533387
HGT3517257.wav	0.0002922765
HGT3523466.wav	0.0004057412
HGT3527498.wav	0.0009868880
HGT3536828.wav	0.0005701391
HGT3538704.wav	0.9989156723
HGT3539248.wav	0.0003284546
HGT3540221.wav	0.0001757452
HGT3542635.wav	0.0007261082
HGT3549618.wav	0.0004509815
HGT3556002.wav	0.0005156662
HGT3567473.wav	0.0004034537
HGT3568523.wav	0.0016875947
HGT3570254.wav	0.0057622157
HGT3574016.wav	0.9925611615
HGT3574449.wav	0.0002766212
HGT3580682.wav	0.9994277358
HGT3583747.wav	0.0007199496
HGT3585075.wav	0.0004360020
HGT3595947.wav	0.9994779229
HGT3601206.wav	0.0021359539
HGT3601434.wav	0.0002465307
HGT3602245.wav	0.0011752179
HGT3619375.wav	0.0002797204
HGT3622838.wav	0.0004937754
HGT3628577.wav	0.9991163611
HGT3639227.wav	0.0008281896
HGT3639555.wav	0.0008613035
HGT3644352.wav	0.9985753298
HGT3649716.wav	0.0002098485
HGT3650432.wav	0.0003593646
HGT3655907.wav	0.9931372404
HGT3660877.wav	0.0011095691
HGT3666340.wav	0.9988264441
HGT3671537.wav	0.9987629652
HGT3676324.wav	0.9994845390
HGT3680176.wav	0.9992158413
HGT3681951.wav	0.9994105101
HGT3689856.wav	0.9969574213
HGT3699071.wav	0.0011648950
HGT3700505.wav	0.9991582632
HGT3717430.wav	0.9991878867
HGT3727101.wav	0.0004146818
HGT3739624.wav	0.2536677718
HGT3741126.wav	0.0002813750
HGT3754448.wav	0.0003549112
HGT3769581.wav	0.0004190031
HGT3773815.wav	0.9972685575
HGT3779558.wav	0.0004658536
HGT3785108.wav	0.0002991297
HGT3786252.wav	0.0005374623
HGT3789962.wav	0.0011159547
HGT3791121.wav	0.9992048144
HGT3794042.wav	0.0004615216
HGT3801545.wav	0.0078123882
HGT3827512.wav	0.0004155627
HGT3828372.wav	0.0001702845
HGT3831178.wav	0.9994395375
HGT3833182.wav	0.0002015248
HGT3840503.wav	0.0004841178
HGT3847607.wav	0.0323387049
HGT3851391.wav	0.9994164705
HGT3862933.wav	0.0003503521
HGT3868400.wav	0.9989885688
HGT3869491.wav	0.0003356543
HGT3894755.wav	0.9993884563
HGT3895213.wav	0.0004691156
HGT3896897.wav	0.9991920590
HGT3897605.wav	0.0003684310
HGT3902823.wav	0.9987612963
HGT3909724.wav	0.0002882940
HGT3918531.wav	0.0005737200
HGT3918668.wav	0.0004283036
HGT3920114.wav	0.0002982159
HGT3921664.wav	0.0002594257
HGT3924178.wav	0.9989911914
HGT3926564.wav	0.9990022779
HGT3934388.wav	0.9993883371
HGT3935546.wav	0.0003178235
HGT3935773.wav	0.0004569932
HGT3938174.wav	0.0005332809
HGT3940137.wav	0.0003197948
HGT3944432.wav	0.9991217256
HGT3945429.wav	0.9992837310
HGT3948897.wav	0.0006979835
HGT3952318.wav	0.0004053504
HGT3961437.wav	0.0027443136
HGT3963360.wav	0.0002600547
HGT3965278.wav	0.0003164025
HGT3968573.wav	0.0002388585
HGT3978436.wav	0.0002055493
HGT3990093.wav	0.9994603992
HGT4010201.wav	0.0004422507
HGT4012147.wav	0.0003943891
HGT4016281.wav	0.0013474084
HGT4020142.wav	0.0003471976
HGT4029463.wav	0.9986770749
HGT4039790.wav	0.0005820218
HGT4040880.wav	0.0003809021
HGT4044236.wav	0.0002615988
HGT4044574.wav	0.9995092154
HGT4046518.wav	0.0007429725
HGT4058078.wav	0.0002413050
HGT4074442.wav	0.0004459553
HGT4077974.wav	0.9993199110
HGT4085840.wav	0.0002849338
HGT4097542.wav	0.9994356036
HGT4106364.wav	0.9994010925
HGT4129229.wav	0.0003021755
HGT4131824.wav	0.0005710440
HGT4131961.wav	0.0004625328
HGT4147435.wav	0.0001883153
HGT4148745.wav	0.0002910033
HGT4155107.wav	0.0003375859
HGT4158194.wav	0.0003884096
HGT4163607.wav	0.0008259852
HGT4170217.wav	0.9993587136
HGT4171323.wav	0.0004226879
HGT4176172.wav	0.0003203432
HGT4181851.wav	0.9994959831
HGT4185740.wav	0.0005005992
HGT4203596.wav	0.0002811342
HGT4206281.wav	0.0005856393
HGT4231091.wav	0.9983004928
HGT4231199.wav	0.0003621945
HGT4233725.wav	0.9993330836
HGT4248704.wav	0.9976354837
HGT4250461.wav	0.0002766359
HGT4252904.wav	0.0007534766
HGT4255081.wav	0.0003125738
HGT4257395.wav	0.0010027336
HGT4258168.wav	0.0001993363
HGT4266838.wav	0.0002978829
HGT4268991.wav	0.9992057681
HGT4269838.wav	0.9995324612
HGT4283671.wav	0.0002793680
HGT4287529.wav	0.0002759018
HGT4293166.wav	0.0004181747
HGT4295385.wav	0.0002355916
HGT4312678.wav	0.9993163347
HGT4319705.wav	0.9993783236
HGT4327131.wav	0.9994070530
HGT4328305.wav	0.0003983961
HGT4335113.wav	0.9993156195
HGT4341885.wav	0.0003240430
HGT4348227.wav	0.0004024787
HGT4348472.wav	0.0005971575
HGT4354504.wav	0.0002557310
HGT4357248.wav	0.0002989954
HGT4357493.wav	0.9989843965
HGT4359888.wav	0.0004447747
HGT4362272.wav	0.0004050325
HGT4362653.wav	0.0002296346
HGT4363154.wav	0.0004564033
HGT4364179.wav	0.9990744591
HGT4367861.wav	0.0001903992
HGT4371552.wav	0.0001844628
HGT4379986.wav	0.0003241387
HGT4400672.wav	0.0004292857
HGT4407954.wav	0.9994164705
HGT4408157.wav	0.0003963815
HGT4409573.wav	0.0004007394
HGT4413089.wav	0.8368244171
HGT4415806.wav	0.0003021764
HGT4419348.wav	0.0004105381
HGT4421891.wav	0.0004379210
HGT4432318.wav	0.9988841414
HGT4448273.wav	0.0003428464
HGT4451778.wav	0.0001930344
HGT4460785.wav	0.0007242858
HGT4463452.wav	0.0010691906
HGT4464728.wav	0.0002862200
HGT4466130.wav	0.9994113445
HGT4474318.wav	0.9993732572
HGT4478417.wav	0.0002067461
HGT4483727.wav	0.9993484616
HGT4484291.wav	0.0005002062
HGT4487676.wav	0.0001944793
HGT4487870.wav	0.9992438555
HGT4488908.wav	0.9985702038
HGT4494130.wav	0.0002877501
HGT4498658.wav	0.0008916716
HGT4499292.wav	0.0006170789
HGT4506219.wav	0.0011738753
HGT4511855.wav	0.0003103296
HGT4512960.wav	0.0004485796
HGT4513428.wav	0.9995232821
HGT4518964.wav	0.0004627255
HGT4524699.wav	0.0009700136
HGT4530910.wav	0.9994477630
HGT4535789.wav	0.0002274156
HGT4537869.wav	0.9974629879
HGT4541609.wav	0.0003909110
HGT4553818.wav	0.0002704431
HGT4553884.wav	0.9991323352
HGT4555614.wav	0.0006884703
HGT4556684.wav	0.0002532112
HGT4557285.wav	0.9993897676
HGT4563698.wav	0.0002141063
HGT4566173.wav	0.9994257689
HGT4574419.wav	0.0003470064
HGT4574883.wav	0.9992134571
HGT4578181.wav	0.9993861914
HGT4579554.wav	0.0004095683
HGT4585781.wav	0.0004497528
HGT4590974.wav	0.0007185814
HGT4595880.wav	0.0002190710
HGT4596913.wav	0.0003057781
HGT4597413.wav	0.0013292137
HGT4598677.wav	0.0001827677
HGT4606053.wav	0.9982416630
HGT4607022.wav	0.0004498492
HGT4615242.wav	0.0003117741
HGT4625957.wav	0.0004971692
HGT4632734.wav	0.0002958835
HGT4636511.wav	0.0006375193
HGT4636951.wav	0.0006861482
HGT4643493.wav	0.0005507643
HGT4645192.wav	0.0003392727
HGT4645786.wav	0.0006335260
HGT4647967.wav	0.9993978739
HGT4649376.wav	0.0003267954
HGT4649413.wav	0.0010297833
HGT4651135.wav	0.9990996122
HGT4655641.wav	0.0013873614
HGT4656671.wav	0.0002493537
HGT4656765.wav	0.9980326295
HGT4659604.wav	0.9991220832
HGT4672904.wav	0.0008015431
HGT4675933.wav	0.9704721570
HGT4687432.wav	0.9989771843
HGT4702315.wav	0.0004766022
HGT4707439.wav	0.9995350838
HGT4721208.wav	0.0003923764
HGT4735523.wav	0.9995347261
HGT4738385.wav	0.0002317763
HGT4743947.wav	0.0001805847
HGT4745539.wav	0.0003159284
HGT4765971.wav	0.0004778277
HGT4771487.wav	0.0007884458
HGT4771665.wav	0.0009702140
HGT4776942.wav	0.9968721271
HGT4784241.wav	0.9990899563
HGT4794545.wav	0.0005464109
HGT4800563.wav	0.9990247488
HGT4800785.wav	0.0008917038
HGT4812121.wav	0.9991241097
HGT4814755.wav	0.9982478619
HGT4816609.wav	0.0003617124
HGT4819347.wav	0.0004492026
HGT4820233.wav	0.9994625449
HGT4834440.wav	0.9993282557
HGT4851866.wav	0.0002125286
HGT4867237.wav	0.0002158428
HGT4867727.wav	0.9993828535
HGT4868291.wav	0.0003454000
HGT4870550.wav	0.0002696418
HGT4873730.wav	0.0004631757
HGT4887373.wav	0.0052430457
HGT4887584.wav	0.0005305933
HGT4901221.wav	0.9956073165
HGT4902913.wav	0.0003567420
HGT4904384.wav	0.0002374591
HGT4919648.wav	0.9992301464
HGT4924916.wav	0.9988843799
HGT4933078.wav	0.9994183779
HGT4937526.wav	0.0005116123
HGT4942239.wav	0.0004416289
HGT4947161.wav	0.0008439255
HGT4957705.wav	0.9398984909
HGT4960704.wav	0.0010079402
HGT4967205.wav	0.0002617745
HGT4969164.wav	0.0041303616
HGT4971506.wav	0.0002975193
HGT4977676.wav	0.9992949963
HGT4987103.wav	0.9994501472
HGT4994399.wav	0.9991804957
HGT4994492.wav	0.9874667525
HGT4996299.wav	0.9988860488
HGT5003009.wav	0.0003631972
HGT5008315.wav	0.9991946816
HGT5011109.wav	0.0005979633
HGT5014685.wav	0.0002532203
HGT5022413.wav	0.9994039536
HGT5023814.wav	0.0002949523
HGT5025032.wav	0.0005785765
HGT5030501.wav	0.9985059500
HGT5031997.wav	0.9991860986
HGT5055249.wav	0.0006940342
HGT5056851.wav	0.9978933930
HGT5061448.wav	0.9900959730
HGT5061911.wav	0.0002248595
HGT5062221.wav	0.0003478895
HGT5062497.wav	0.0003134458
HGT5066834.wav	0.0005078561
HGT5072908.wav	0.0016623653
HGT5072930.wav	0.9993835688
HGT5096030.wav	0.0003192173
HGT5097841.wav	0.0004360199
HGT5098730.wav	0.0004140960
HGT5107418.wav	0.9906508923
HGT5112344.wav	0.0003647013
HGT5119794.wav	0.0002665366
HGT5142074.wav	0.9972094893
HGT5143808.wav	0.0003499351
HGT5144999.wav	0.0001927657
HGT5149912.wav	0.0003113360
HGT5152227.wav	0.0007952391
HGT5152684.wav	0.0004106253
HGT5152715.wav	0.0002052293
HGT5155355.wav	0.0005491325
HGT5155531.wav	0.0005689931
HGT5155662.wav	0.0009248261
HGT5160416.wav	0.0004994168
HGT5161368.wav	0.0003634871
HGT5168320.wav	0.0002745502
HGT5171077.wav	0.0002678991
HGT5172649.wav	0.9982529283
HGT5185699.wav	0.0001943173
HGT5188122.wav	0.0005737637
HGT5189872.wav	0.9994460940
HGT5192775.wav	0.0004133589
HGT5193538.wav	0.0026836200
HGT5200869.wav	0.0002174140
HGT5216934.wav	0.9659165144
HGT5219218.wav	0.0002992646
HGT5222849.wav	0.9989355206
HGT5224261.wav	0.0002089560
HGT5226528.wav	0.9983585477
HGT5235139.wav	0.0005526395
HGT5235981.wav	0.0003574136
HGT5239822.wav	0.0003875182
HGT5259499.wav	0.0004360469
HGT5269662.wav	0.0005490368
HGT5272056.wav	0.0766293481
HGT5273165.wav	0.9986390471
HGT5274322.wav	0.9992157221
HGT5277934.wav	0.0006390450
HGT5279554.wav	0.0002820747
HGT5286072.wav	0.0002185223
HGT5290584.wav	0.0002153141
HGT5295483.wav	0.0003262354
HGT5299505.wav	0.9992085099
HGT5324860.wav	0.9991369843
HGT5329940.wav	0.0002924167
HGT5331462.wav	0.0004508963
HGT5348190.wav	0.9991053939
HGT5348464.wav	0.0001791482
HGT5349219.wav	0.0002681104
HGT5360617.wav	0.9966015816
HGT5367005.wav	0.0003105172
HGT5367691.wav	0.0002552063
HGT5380576.wav	0.0004023088
HGT5382338.wav	0.0005798595
HGT5383791.wav	0.0003901620
HGT5388032.wav	0.0003167762
HGT5394218.wav	0.0007936297
HGT5400028.wav	0.0004136088
HGT5401654.wav	0.0004144174
HGT5413403.wav	0.0004823352
HGT5413889.wav	0.0008971342
HGT5415636.wav	0.0004648476
HGT5417090.wav	0.0002931117
HGT5419490.wav	0.0002859944
HGT5428111.wav	0.0014877539
HGT5445984.wav	0.0002145741
HGT5450720.wav	0.9992991686
HGT5452004.wav	0.0002717550
HGT5455149.wav	0.0013378500
HGT5457182.wav	0.0002589527
HGT5457671.wav	0.0012903970
HGT5458405.wav	0.0011484792
HGT5462084.wav	0.0002955251
HGT5472158.wav	0.0001988167
HGT5477822.wav	0.9988294244
HGT5486117.wav	0.0002957918
HGT5487480.wav	0.0002506585
HGT5501911.wav	0.0002380439
HGT5505800.wav	0.0003818776
HGT5506871.wav	0.0005379472
HGT5507636.wav	0.0006245703
HGT5510046.wav	0.0003020683
HGT5525423.wav	0.9992541671
HGT5554447.wav	0.0005905539
HGT5554698.wav	0.0002132451
HGT5566719.wav	0.9939970970
HGT5572960.wav	0.9992551208
HGT5577536.wav	0.0004337861
HGT5578806.wav	0.0222679675
HGT5596316.wav	0.0006657944
HGT5597873.wav	0.9976916313
HGT5606038.wav	0.0002798167
HGT5618928.wav	0.0002560223
HGT5619842.wav	0.0003823679
HGT5619882.wav	0.9980202913
HGT5620966.wav	0.0003776217
HGT5629035.wav	0.9995210171
HGT5635220.wav	0.0005482582
HGT5642902.wav	0.0005722711
HGT5644915.wav	0.0003109136
HGT5648546.wav	0.0002412255
HGT5668263.wav	0.0004712777
HGT5672429.wav	0.0002192655
HGT5678702.wav	0.0003936225
HGT5688537.wav	0.9987842441
HGT5699970.wav	0.0002538198
HGT5703626.wav	0.0003288425
HGT5706382.wav	0.0007429215
HGT5709534.wav	0.0006037388
HGT5719836.wav	0.0002801370
HGT5735396.wav	0.0004465615
HGT5755829.wav	0.9966192245
HGT5758569.wav	0.0002444124
HGT5762016.wav	0.0003222165
HGT5763460.wav	0.9991468191
HGT5770091.wav	0.0004630406
HGT5773238.wav	0.9560310841
HGT5775471.wav	0.9881567359
HGT5783528.wav	0.0007923889
HGT5798234.wav	0.0006987203
HGT5805205.wav	0.9991938472
HGT5809698.wav	0.0008719208
HGT5812704.wav	0.0004413831
HGT5817671.wav	0.9952782393
HGT5819780.wav	0.9993377328
HGT5823944.wav	0.0002679361
HGT5824885.wav	0.0005561424
HGT5838555.wav	0.9991895556
HGT5846415.wav	0.9993985891
HGT5848636.wav	0.0002789031
HGT5858138.wav	0.9989418387
HGT5860519.wav	0.9994218349
HGT5861689.wav	0.0002717851
HGT5864950.wav	0.9990553260
HGT5868850.wav	0.0002583373
HGT5878611.wav	0.0003266849
HGT5882557.wav	0.0006213232
HGT5885104.wav	0.0021572802
HGT5891634.wav	0.0003626955
HGT5894080.wav	0.0005973539
HGT5895558.wav	0.0004380345
HGT5896621.wav	0.9949593544
HGT5897706.wav	0.9994476438
HGT5900125.wav	0.9990622401
HGT5905113.wav	0.0004855102
HGT5906443.wav	0.0036315997
HGT5906676.wav	0.9994608760
HGT5906936.wav	0.0002445157
HGT5934010.wav	0.9986996651
HGT5936025.wav	0.0003208331
HGT5937107.wav	0.0020299891
HGT5950564.wav	0.0002479484
HGT5954057.wav	0.0005470836
HGT5958709.wav	0.9987406135
HGT5966651.wav	0.9993795156
HGT5967225.wav	0.9994402528
HGT5969357.wav	0.9993721843
HGT5973204.wav	0.0005174757
HGT5976205.wav	0.0004394234
HGT5977525.wav	0.0005461239
HGT5984706.wav	0.0007912193
HGT5990446.wav	0.0002400196
HGT5991352.wav	0.0003337637
HGT5999972.wav	0.0003450041
HGT6011857.wav	0.0009807410
HGT6018967.wav	0.0002213469
HGT6021230.wav	0.9986917377
HGT6031984.wav	0.0006431754
HGT6033210.wav	0.0003140718
HGT6042262.wav	0.9989816546
HGT6065251.wav	0.0005597229
HGT6067802.wav	0.0002870390
HGT6077853.wav	0.0005582923
HGT6078216.wav	0.0003582788
HGT6079573.wav	0.9989539385
HGT6082552.wav	0.0005342415
HGT6083371.wav	0.9971864820
HGT6086844.wav	0.0032143097
HGT6089463.wav	0.9990259409
HGT6091112.wav	0.0056394907
HGT6098966.wav	0.0006023513
HGT6108672.wav	0.9989019632
HGT6110038.wav	0.0005940320
HGT6113776.wav	0.9992504716
HGT6115166.wav	0.9983552098
HGT6124552.wav	0.0004286634
HGT6129672.wav	0.9994087219
HGT6144802.wav	0.9986715317
HGT6154091.wav	0.0003021616
HGT6155076.wav	0.0030079903
HGT6157747.wav	0.9993719459
HGT6157969.wav	0.0009024643
HGT6170381.wav	0.0005711937
HGT6176814.wav	0.0004018010
HGT6177691.wav	0.0003101217
HGT6185339.wav	0.0004799961
HGT6188012.wav	0.0001929317
HGT6193876.wav	0.9993906021
HGT6197330.wav	0.0004256547
HGT6204897.wav	0.0195700210
HGT6210591.wav	0.0002183122
HGT6221489.wav	0.0004198564
HGT6221562.wav	0.0001953507
HGT6229223.wav	0.0002985454
HGT6235320.wav	0.0005622440
HGT6238106.wav	0.0001696925
HGT6244711.wav	0.0004171614
HGT6248777.wav	0.9991214871
HGT6249570.wav	0.0002068449
HGT6257695.wav	0.0002488474
HGT6267090.wav	0.0002701539
HGT6275367.wav	0.0004401453
HGT6279504.wav	0.0003682122
HGT6283709.wav	0.9990257025
HGT6294540.wav	0.0003481419
HGT6305976.wav	0.0002375061
HGT6306273.wav	0.0005310668
HGT6306881.wav	0.0002196870
HGT6310473.wav	0.9990743399
HGT6310576.wav	0.9990168810
HGT6323737.wav	0.0002865993
HGT6328440.wav	0.0005429486
HGT6342991.wav	0.9994708896
HGT6343394.wav	0.0002940491
HGT6360064.wav	0.0003583584
HGT6363382.wav	0.9991965890
HGT6364214.wav	0.9989104271
HGT6378727.wav	0.0003603364
HGT6384183.wav	0.0003635901
HGT6387921.wav	0.0004144862
HGT6391541.wav	0.0006401769
HGT6398258.wav	0.0003349811
HGT6398432.wav	0.1497604847
HGT6412795.wav	0.0001778689
HGT6419286.wav	0.9991396666
HGT6436956.wav	0.0004738589
HGT6438104.wav	0.0003851509
HGT6444648.wav	0.0002883655
HGT6446738.wav	0.9988241792
HGT6451177.wav	0.0002336241
HGT6454709.wav	0.9993591905
HGT6461337.wav	0.0002913715
HGT6463798.wav	0.0002282032
HGT6467893.wav	0.0003022147
HGT6468475.wav	0.9994480014
HGT6475297.wav	0.0004374070
HGT6476180.wav	0.0005267680
HGT6485034.wav	0.9992249012
HGT6490768.wav	0.0004611649
HGT6491628.wav	0.0003290165
HGT6491882.wav	0.0012678130
HGT6492180.wav	0.0002052933
HGT6502865.wav	0.0011276626
HGT6502974.wav	0.0003516081
HGT6506318.wav	0.0003099101
HGT6510332.wav	0.0007311667
HGT6512664.wav	0.0002459736
HGT6516387.wav	0.0002687679
HGT6521356.wav	0.0004159729
HGT6523311.wav	0.0003586859
HGT6557480.wav	0.9490488768
HGT6558365.wav	0.9911839962
HGT6569943.wav	0.8428776860
HGT6578134.wav	0.9992473125
HGT6583567.wav	0.0003769445
HGT6584628.wav	0.0002976473
HGT6585228.wav	0.0007612003
HGT6595483.wav	0.9888119698
HGT6604385.wav	0.0002278325
HGT6605390.wav	0.0014789553
HGT6606284.wav	0.0004632618
HGT6610383.wav	0.0004450588
HGT6613119.wav	0.9993571639
HGT6620768.wav	0.0001896567
HGT6624314.wav	0.0005807290
HGT6635409.wav	0.0009131822
HGT6637430.wav	0.4218792319
HGT6640705.wav	0.9993857145
HGT6651515.wav	0.0003180277
HGT6651744.wav	0.9989061356
HGT6670327.wav	0.0032325473
HGT6676871.wav	0.0002832097
HGT6686872.wav	0.0004084574
HGT6686958.wav	0.0001679971
HGT6687887.wav	0.0007202064
HGT6697637.wav	0.0003408603
HGT6698535.wav	0.0002396190
HGT6711303.wav	0.9993920326
HGT6725284.wav	0.0003140276
HGT6727201.wav	0.0006637789
HGT6748267.wav	0.0002894762
HGT6763740.wav	0.0004573375
HGT6765414.wav	0.9988414645
HGT6766831.wav	0.0003608989
HGT6773317.wav	0.0003516099
HGT6779702.wav	0.0006714323
HGT6780397.wav	0.0003529552
HGT6785919.wav	0.0004085178
HGT6790865.wav	0.9993363023
HGT6798296.wav	0.0003305410
HGT6804139.wav	0.9991953969
HGT6819591.wav	0.9994608760
HGT6832718.wav	0.0005454347
HGT6833559.wav	0.0003237978
HGT6835300.wav	0.9994549155
HGT6842306.wav	0.0005420917
HGT6843266.wav	0.0009793889
HGT6858462.wav	0.9993740916
HGT6868113.wav	0.0002782736
HGT6869941.wav	0.0008762868
HGT6871563.wav	0.0007837102
HGT6884008.wav	0.9985480905
HGT6894247.wav	0.0009088429
HGT6908742.wav	0.9957494736
HGT6912838.wav	0.0002394792
HGT6917321.wav	0.0003894051
HGT6917840.wav	0.0003447207
HGT6920025.wav	0.0004030766
HGT6921450.wav	0.0003628774
HGT6925781.wav	0.0007392625
HGT6933227.wav	0.0002823602
HGT6944085.wav	0.0003990868
HGT6952576.wav	0.0002299465
HGT6962074.wav	0.0001608362
HGT6962233.wav	0.0005498758
HGT6964376.wav	0.0002396572
HGT6974328.wav	0.9995813966
HGT6979443.wav	0.9485998750
HGT6985090.wav	0.0011754374
HGT6988916.wav	0.0002106624
HGT7000911.wav	0.0009797090
HGT7010879.wav	0.2217407972
HGT7011552.wav	0.0004433279
HGT7014008.wav	0.9987308383
HGT7014272.wav	0.0006587555
HGT7019558.wav	0.0002859773
HGT7020861.wav	0.0012518025
HGT7025364.wav	0.0003398898
HGT7030347.wav	0.0004068781
HGT7048059.wav	0.0002248085
HGT7051739.wav	0.0012846263
HGT7054178.wav	0.0002991802
HGT7055191.wav	0.9907107949
HGT7055883.wav	0.0002764369
HGT7056492.wav	0.0044241585
HGT7070170.wav	0.0002641469
HGT7074071.wav	0.9985563159
HGT7090973.wav	0.0443409532
HGT7094439.wav	0.0009854833
HGT7095045.wav	0.0003397488
HGT7098716.wav	0.9958707690
HGT7101683.wav	0.9994151592
HGT7102198.wav	0.9982693195
HGT7102508.wav	0.9984647036
HGT7104577.wav	0.0003140563
HGT7104652.wav	0.0002711190
HGT7110667.wav	0.9994456172
HGT7111769.wav	0.9989074469
HGT7117871.wav	0.0003537529
HGT7123206.wav	0.0002851384
HGT7125999.wav	0.0003384651
HGT7137099.wav	0.0003988278
HGT7141313.wav	0.9971983433
HGT7150042.wav	0.0004355575
HGT7155218.wav	0.0003512303
HGT7163949.wav	0.0007116690
HGT7170472.wav	0.0008588490
HGT7170950.wav	0.0003166482
HGT7178469.wav	0.0004683555
HGT7181929.wav	0.9980455637
HGT7183984.wav	0.0003019869
HGT7186919.wav	0.0003545889
HGT7187914.wav	0.0004846469
HGT7197873.wav	0.9993523955
HGT7202220.wav	0.0003477005
HGT7203002.wav	0.9992121458
HGT7207048.wav	0.0613345467
HGT7211696.wav	0.0005194855
HGT7220788.wav	0.0003795757
HGT7221911.wav	0.9922906756
HGT7226415.wav	0.0008179921
HGT7235146.wav	0.0007438446
HGT7238980.wav	0.0584465638
HGT7240110.wav	0.0003544842
HGT7244504.wav	0.0020468633
HGT7244530.wav	0.0002911241
HGT7244590.wav	0.0003352165
HGT7255830.wav	0.9962846041
HGT7258027.wav	0.0002786910
HGT7259963.wav	0.0003722241
HGT7274608.wav	0.0003205916
HGT7274827.wav	0.0010430386
HGT7278640.wav	0.9981269240
HGT7292081.wav	0.9990258217
HGT7294946.wav	0.0011234393
HGT7295430.wav	0.9994812608
HGT7295984.wav	0.0006704975
HGT7296365.wav	0.0003741784
HGT7317804.wav	0.0003333023
HGT7323816.wav	0.0006476961
HGT7324056.wav	0.0006396408
HGT7346462.wav	0.0003757085
HGT7353263.wav	0.0004222268
HGT7356729.wav	0.0035910783
HGT7370804.wav	0.0003838804
HGT7380727.wav	0.0002966065
HGT7391582.wav	0.9993458390
HGT7391691.wav	0.0011199762
HGT7400775.wav	0.0004022973
HGT7411727.wav	0.9994031191
HGT7418029.wav	0.0006594472
HGT7431985.wav	0.0002673831
HGT7432009.wav	0.0002906268
HGT7436561.wav	0.0031993114
HGT7436904.wav	0.9992598891
HGT7449847.wav	0.0003889698
HGT7457101.wav	0.9994758964
HGT7467823.wav	0.0003941730
HGT7468512.wav	0.0008226266
HGT7472068.wav	0.0125389788
HGT7476370.wav	0.0003742975
HGT7479697.wav	0.0045160824
HGT7483911.wav	0.9990423322
HGT7493551.wav	0.9993801117
HGT7505991.wav	0.0003546765
HGT7518343.wav	0.0004703250
HGT7522695.wav	0.0012953052
HGT7529963.wav	0.0004160463
HGT7537657.wav	0.9991276860
HGT7541524.wav	0.9991016388
HGT7550920.wav	0.0003681445
HGT7554690.wav	0.0003723610
HGT7562050.wav	0.9980413914
HGT7563849.wav	0.9995230436
HGT7567900.wav	0.0006902467
HGT7572974.wav	0.0001978545
HGT7574738.wav	0.9984802604
HGT7593601.wav	0.0007427042
HGT7597869.wav	0.9968419075
HGT7605144.wav	0.0002236894
HGT7605885.wav	0.0006506125
HGT7608466.wav	0.0003036729
HGT7609375.wav	0.9981493950
HGT7616727.wav	0.9993312359
HGT7633696.wav	0.0023996283
HGT7633929.wav	0.0008336956
HGT7643219.wav	0.0011391221
HGT7652346.wav	0.9993725419
HGT7655025.wav	0.0002863767
HGT7656790.wav	0.0005973710
HGT7657012.wav	0.0008073305
HGT7668985.wav	0.0006103570
HGT7673904.wav	0.9988991022
HGT7677830.wav	0.9992029071
HGT7695449.wav	0.9978150129
HGT7702803.wav	0.0002072112
HGT7703122.wav	0.0009036086
HGT7704170.wav	0.0008054955
HGT7707828.wav	0.0006053244
HGT7708811.wav	0.0003483544
HGT7709527.wav	0.9993062019
HGT7714321.wav	0.0002919715
HGT7719981.wav	0.0006065180
HGT7732196.wav	0.9987946749
HGT7735831.wav	0.0006654182
HGT7760020.wav	0.0002804603
HGT7761686.wav	0.9989460111
HGT7764509.wav	0.9994192123
HGT7773771.wav	0.0012241220
HGT7776733.wav	0.0004613954
HGT7783010.wav	0.0006123456
HGT7783037.wav	0.0004264535
HGT7784059.wav	0.0003249497
HGT7793376.wav	0.0003362802
HGT7797264.wav	0.0061302315
HGT7800347.wav	0.0004730262
HGT7804553.wav	0.0002624624
HGT7813145.wav	0.9994346499
HGT7824018.wav	0.9982510209
HGT7831340.wav	0.0002839843
HGT7848297.wav	0.0002609648
HGT7854533.wav	0.0002820263
HGT7867243.wav	0.9841375947
HGT7874121.wav	0.0002204358
HGT7881286.wav	0.0004499402
HGT7882366.wav	0.0001726081
HGT7888082.wav	0.0005000731
HGT7893209.wav	0.9982215762
HGT7894735.wav	0.0004655158
HGT7900363.wav	0.0003248643
HGT7902806.wav	0.0002139294
HGT7905217.wav	0.0003230420
HGT7905880.wav	0.0003048699
HGT7911884.wav	0.0004794748
HGT7923136.wav	0.0003604141
HGT7940784.wav	0.0005757462
HGT7952678.wav	0.0002792405
HGT7954747.wav	0.0005327095
HGT7957419.wav	0.0002928670
HGT7958536.wav	0.0003498224
HGT7959043.wav	0.0003002518
HGT7973598.wav	0.0005868070
HGT7974840.wav	0.0003689351
HGT7979805.wav	0.0006434096
HGT7995307.wav	0.9992902279
HGT7997224.wav	0.0002986541
HGT7997604.wav	0.0009463951
HGT7998282.wav	0.0002946468
HGT8001959.wav	0.9961574674
HGT8004506.wav	0.0002905420
HGT8004864.wav	0.0002861455
HGT8033305.wav	0.9993072748
HGT8042462.wav	0.0004744261
HGT8047799.wav	0.9985330105
HGT8057223.wav	0.0002009984
HGT8057320.wav	0.9934154749
HGT8057663.wav	0.0015091182
HGT8078735.wav	0.0002971301
HGT8080749.wav	0.9991737008
HGT8081178.wav	0.0003304979
HGT8081972.wav	0.0003056364
HGT8088693.wav	0.0002632205
HGT8097577.wav	0.0002342636
HGT8105093.wav	0.0006324394
HGT8106164.wav	0.0005856237
HGT8107144.wav	0.9909209013
HGT8119936.wav	0.0004543610
HGT8121843.wav	0.0003778097
HGT8131128.wav	0.0004476210
HGT8133737.wav	0.0002886876
HGT8134280.wav	0.0010688422
HGT8140215.wav	0.9910847545
HGT8150911.wav	0.0004876507
HGT8171018.wav	0.9992588162
HGT8172521.wav	0.9990941286
HGT8179310.wav	0.9993717074
HGT8180390.wav	0.0008258838
HGT8181058.wav	0.9992095232
HGT8184380.wav	0.0012785047
HGT8187417.wav	0.0004770372
HGT8192440.wav	0.9991655350
HGT8195307.wav	0.0002302739
HGT8200165.wav	0.0004689224
HGT8210796.wav	0.0003788162
HGT8225119.wav	0.0004205850
HGT8229545.wav	0.9980016351
HGT8233754.wav	0.0095626144
HGT8235069.wav	0.0003839203
HGT8241380.wav	0.0002985402
HGT8245988.wav	0.0009269927
HGT8247249.wav	0.0003425089
HGT8251715.wav	0.0002986066
HGT8251996.wav	0.0003437661
HGT8266488.wav	0.0007107235
HGT8274343.wav	0.0002152002
HGT8277441.wav	0.0006552759
HGT8287766.wav	0.0007596061
HGT8308987.wav	0.0002140850
HGT8318511.wav	0.0003463444
HGT8327973.wav	0.9992984533
HGT8328419.wav	0.0007062423
HGT8336250.wav	0.0003162038
HGT8340643.wav	0.0004876479
HGT8342679.wav	0.0002416751
HGT8343814.wav	0.0004853135
HGT8345105.wav	0.0004251161
HGT8360436.wav	0.0004991051
HGT8366568.wav	0.9987894893
HGT8367719.wav	0.0002122400
HGT8394391.wav	0.9992349148
HGT8398614.wav	0.0003591087
HGT8399343.wav	0.9994124174
HGT8400409.wav	0.9992089868
HGT8402133.wav	0.9994102716
HGT8421917.wav	0.0003025713
HGT8423680.wav	0.0005324089
HGT8424839.wav	0.0002279616
HGT8426268.wav	0.0001882171
HGT8430622.wav	0.0006706298
HGT8431737.wav	0.9991101623
HGT8432577.wav	0.0008121963
HGT8439527.wav	0.0021067013
HGT8451350.wav	0.0004031350
HGT8460571.wav	0.0003406089
HGT8460585.wav	0.9990015626
HGT8460872.wav	0.0004117861
HGT8465485.wav	0.0003119034
HGT8471434.wav	0.0003765195
HGT8477249.wav	0.0004177178
HGT8479833.wav	0.9991198182
HGT8481251.wav	0.0002392898
HGT8483579.wav	0.0001639519
HGT8492748.wav	0.9994693398
HGT8512650.wav	0.0003540026
HGT8513824.wav	0.9960265160
HGT8527879.wav	0.0002707976
HGT8530369.wav	0.0003455802
HGT8533615.wav	0.0007761228
HGT8535477.wav	0.0002612190
HGT8535596.wav	0.0004149590
HGT8543580.wav	0.0002522786
HGT8544897.wav	0.0005245864
HGT8549583.wav	0.0015608253
HGT8552242.wav	0.9994888306
HGT8552553.wav	0.9965984225
HGT8553710.wav	0.0004049904
HGT8554042.wav	0.9948351383
HGT8560592.wav	0.9992209673
HGT8561212.wav	0.9993432164
HGT8561581.wav	0.0004327948
HGT8566724.wav	0.0004290943
HGT8567981.wav	0.0006405626
HGT8576868.wav	0.0004125495
HGT8585361.wav	0.0004501546
HGT8585653.wav	0.0003179274
HGT8588733.wav	0.9944329858
HGT8600778.wav	0.0007282009
HGT8610007.wav	0.9981696606
HGT8624781.wav	0.0006301759
HGT8628182.wav	0.0002826529
HGT8633161.wav	0.9995954633
HGT8647737.wav	0.9950098991
HGT8649435.wav	0.9992307425
HGT8652637.wav	0.0005420343
HGT8663245.wav	0.0002821432
HGT8666984.wav	0.9965289235
HGT8667196.wav	0.0002382401
HGT8673879.wav	0.0010524653
HGT8674537.wav	0.0002396048
HGT8701426.wav	0.0001926627
HGT8707294.wav	0.0005864213
HGT8717585.wav	0.9993312359
HGT8722444.wav	0.0002750365
HGT8727203.wav	0.0006027866
HGT8738073.wav	0.0002792645
HGT8739703.wav	0.0010367844
HGT8745784.wav	0.9994316697
HGT8748094.wav	0.0001907349
HGT8772819.wav	0.9994206429
HGT8772901.wav	0.0002303876
HGT8773288.wav	0.9993301630
HGT8780886.wav	0.0008335202
HGT8790947.wav	0.0006122763
HGT8792062.wav	0.0005386116
HGT8794601.wav	0.0003768841
HGT8797058.wav	0.0004007478
HGT8806667.wav	0.0006667621
HGT8818760.wav	0.0003179589
HGT8825010.wav	0.0011540118
HGT8831452.wav	0.0002098583
HGT8841527.wav	0.0002094617
HGT8846118.wav	0.0011379151
HGT8847452.wav	0.9994035959
HGT8850094.wav	0.0003988932
HGT8852055.wav	0.9994454980
HGT8852670.wav	0.0002178483
HGT8854523.wav	0.9986171722
HGT8860621.wav	0.0005510043
HGT8862972.wav	0.0004405013
HGT8870775.wav	0.0002250470
HGT8871709.wav	0.0002022740
HGT8872629.wav	0.0003797839
HGT8876052.wav	0.0015936154
HGT8878334.wav	0.0003130892
HGT8882459.wav	0.0004965994
HGT8885009.wav	0.9992293119
HGT8894852.wav	0.0007409136
HGT8899620.wav	0.9957992435
HGT8901873.wav	0.0003883392
HGT8905285.wav	0.0003887519
HGT8911023.wav	0.0014869820
HGT8915986.wav	0.0037265350
HGT8928439.wav	0.0012431359
HGT8929420.wav	0.0002518832
HGT8931161.wav	0.9986345172
HGT8935908.wav	0.0001729296
HGT8938157.wav	0.0003554235
HGT8947090.wav	0.0010362609
HGT8950283.wav	0.0003245989
HGT8956278.wav	0.0008197407
HGT8956413.wav	0.9984809756
HGT8960478.wav	0.9993558526
HGT8963777.wav	0.9981907010
HGT8969473.wav	0.0002116382
HGT8977595.wav	0.9991920590
HGT8981582.wav	0.9988874793
HGT8982069.wav	0.0004951284
HGT8989753.wav	0.0003896512
HGT9001103.wav	0.0003886829
HGT9004438.wav	0.0002983815
HGT9009429.wav	0.0003257288
HGT9019436.wav	0.9968517423
HGT9023302.wav	0.0002685056
HGT9023400.wav	0.9994608760
HGT9030750.wav	0.0010898204
HGT9030862.wav	0.9967839718
HGT9032390.wav	0.0028167376
HGT9033474.wav	0.0180658512
HGT9035898.wav	0.0005114573
HGT9037106.wav	0.0007650918
HGT9038980.wav	0.0085410271
HGT9040162.wav	0.0002183699
HGT9042146.wav	0.0010805370
HGT9044634.wav	0.0004348605
HGT9055480.wav	0.0004095811
HGT9057189.wav	0.9990346432
HGT9065815.wav	0.0005760350
HGT9073944.wav	0.0002843994
HGT9076806.wav	0.0004057099
HGT9081224.wav	0.9779555202
HGT9103685.wav	0.0002788404
HGT9109273.wav	0.9991695881
HGT9111665.wav	0.9991815686
HGT9112410.wav	0.0003339543
HGT9126800.wav	0.6732077599
HGT9127030.wav	0.0009912442
HGT9127376.wav	0.0005041547
HGT9138238.wav	0.0003309891
HGT9143898.wav	0.0003975054
HGT9149217.wav	0.0005254381
HGT9156338.wav	0.0002322716
HGT9160883.wav	0.0007362429
HGT9183019.wav	0.9957471490
HGT9186049.wav	0.0002504598
HGT9197601.wav	0.0004518618
HGT9199049.wav	0.9990797043
HGT9203471.wav	0.0002172934
HGT9208103.wav	0.0002934131
HGT9208667.wav	0.0002267920
HGT9210945.wav	0.9993957281
HGT9211087.wav	0.9991074204
HGT9216376.wav	0.0005357836
HGT9220523.wav	0.0006320098
HGT9236379.wav	0.0989752263
HGT9245952.wav	0.0011848351
HGT9248942.wav	0.0029387875
HGT9256093.wav	0.0002007422
HGT9261905.wav	0.9994271994
HGT9266473.wav	0.9993966818
HGT9266759.wav	0.0002936207
HGT9277287.wav	0.9975677133
HGT9281737.wav	0.0007122117
HGT9289676.wav	0.0003892377
HGT9292356.wav	0.0002750818
HGT9296609.wav	0.0006140721
HGT9307838.wav	0.0003427251
HGT9312370.wav	0.0003868034
HGT9317398.wav	0.0002322478
HGT9328360.wav	0.0005827839
HGT9338725.wav	0.9871817827
HGT9340083.wav	0.0002595108
HGT9356407.wav	0.0005613300
HGT9356813.wav	0.9856488705
HGT9359191.wav	0.0006636385
HGT9368180.wav	0.9958904386
HGT9371099.wav	0.0010511365
HGT9371548.wav	0.0010801428
HGT9372834.wav	0.0006137087
HGT9386027.wav	0.9992996454
HGT9388435.wav	0.0002377266
HGT9400516.wav	0.0003435370
HGT9408781.wav	0.0004453653
HGT9413823.wav	0.4807014763
HGT9417641.wav	0.5694731474
HGT9426900.wav	0.0003948993
HGT9428153.wav	0.0011549917
HGT9434717.wav	0.9995445609
HGT9449638.wav	0.0008197126
HGT9461922.wav	0.9991413355
HGT9468550.wav	0.9980017543
HGT9474656.wav	0.0002239030
HGT9474676.wav	0.0002656165
HGT9476049.wav	0.9993483424
HGT9478873.wav	0.9973010421
HGT9480218.wav	0.0001908041
HGT9483055.wav	0.0010308258
HGT9483530.wav	0.0021972938
HGT9488292.wav	0.9991795421
HGT9492488.wav	0.0041454248
HGT9494308.wav	0.0010500046
HGT9505444.wav	0.9994718432
HGT9514111.wav	0.0004399646
HGT9525773.wav	0.9993582368
HGT9526322.wav	0.0002571780
HGT9533336.wav	0.0002922272
HGT9544660.wav	0.0003426464
HGT9549589.wav	0.9990751743
HGT9550181.wav	0.9988170862
HGT9555733.wav	0.0003660322
HGT9557503.wav	0.9985170960
HGT9564588.wav	0.0015878374
HGT9571159.wav	0.9992984533
HGT9581117.wav	0.0003529014
HGT9597371.wav	0.0003765401
HGT9600442.wav	0.0005613546
HGT9603506.wav	0.0003466361
HGT9627789.wav	0.0007964070
HGT9631485.wav	0.0003986472
HGT9633216.wav	0.9991105199
HGT9637448.wav	0.9993695617
HGT9638734.wav	0.0003925537
HGT9641757.wav	0.0004167330
HGT9642441.wav	0.0002678549
HGT9643725.wav	0.0004862197
HGT9643744.wav	0.9993816614
HGT9644138.wav	0.0003827344
HGT9679416.wav	0.0004368685
HGT9685045.wav	0.0004672327
HGT9685140.wav	0.9966913462
HGT9687291.wav	0.0003880202
HGT9688502.wav	0.0004528718
HGT9689193.wav	0.9991864562
HGT9692474.wav	0.0004407180
HGT9701265.wav	0.9993824959
HGT9708936.wav	0.0003425736
HGT9723597.wav	0.9990652204
HGT9725958.wav	0.0002027972
HGT9735043.wav	0.9992639422
HGT9744642.wav	0.0003927226
HGT9746640.wav	0.0002802879
HGT9747294.wav	0.0005312106
HGT9752634.wav	0.9994611144
HGT9755967.wav	0.9993801117
HGT9761711.wav	0.0001986778
HGT9762572.wav	0.0006116790
HGT9772169.wav	0.0004854449
HGT9778461.wav	0.9995319843
HGT9779062.wav	0.9993545413
HGT9779674.wav	0.0002340059
HGT9783326.wav	0.0174430739
HGT9785172.wav	0.0002650713
HGT9788612.wav	0.0002711355
HGT9793677.wav	0.0002519527
HGT9795934.wav	0.0020849779
HGT9797126.wav	0.9992633462
HGT9800079.wav	0.9992372990
HGT9808356.wav	0.0005727273
HGT9810981.wav	0.0008008804
HGT9811947.wav	0.9989996552
HGT9817370.wav	0.0007350672
HGT9817909.wav	0.0004425134
HGT9821933.wav	0.9986134768
HGT9823056.wav	0.0003281288
HGT9825775.wav	0.0002483153
HGT9829245.wav	0.9989606142
HGT9832253.wav	0.9995386600
HGT9833084.wav	0.9994137287
HGT9835860.wav	0.0003437595
HGT9837023.wav	0.0002930799
HGT9837636.wav	0.0003790988
HGT9845339.wav	0.0002758529
HGT9845937.wav	0.0002405516
HGT9853745.wav	0.0002100515
HGT9856339.wav	0.0004283228
HGT9882378.wav	0.0002455785
HGT9883635.wav	0.9992369413
HGT9896823.wav	0.9994418025
HGT9901306.wav	0.0002759773
HGT9904505.wav	0.9973220229
HGT9904926.wav	0.0003652277
HGT9906099.wav	0.9985698462
HGT9915551.wav	0.0008265182
HGT9922783.wav	0.0002336644
HGT9924266.wav	0.9976600409
HGT9928684.wav	0.9994173050
HGT9932042.wav	0.0004680133
HGT9942986.wav	0.0002988598
HGT9951375.wav	0.9963057041
HGT9952517.wav	0.0001700511
HGT9953829.wav	0.0003641416
HGT9955625.wav	0.0006754494
HGT9969119.wav	0.0008556528
HGT9971826.wav	0.0002380941
HGT9984076.wav	0.0005912760
HGT9984099.wav	0.0015021474
HGT9985870.wav	0.0012111276
HGT9988894.wav	0.9933110476
HGT9991309.wav	0.0005562320
HGT9998236.wav	0.0004879836
