generator,seed,k,cobweb_attr_new,cobweb_auc_new,cobweb_attr_old,cobweb_auc_old,knn_attr_new,knn_auc_new,knn_attr_old,knn_auc_old,lr_attr_new,lr_auc_new,lr_attr_old,lr_auc_old
diffgan_tts,0,0,0.00000,1.00000,0.85714,0.99914,0.00000,1.00000,0.86673,1.00000,0.00000,1.00000,0.89549,1.00000
diffgan_tts,0,1,0.04301,1.00000,0.85714,0.99914,0.00000,1.00000,0.86673,1.00000,0.02151,1.00000,0.89645,1.00000
diffgan_tts,0,3,0.36559,1.00000,0.85714,0.99914,0.00000,1.00000,0.86673,1.00000,0.25806,1.00000,0.89645,1.00000
diffgan_tts,0,10,0.69892,1.00000,0.85714,0.99914,0.53763,1.00000,0.86673,1.00000,0.53763,1.00000,0.89645,1.00000
diffgan_tts,0,30,0.80645,1.00000,0.85714,0.99914,0.69892,1.00000,0.86673,1.00000,0.72043,1.00000,0.89549,1.00000
diffgan_tts,0,100,0.91398,1.00000,0.85523,0.99914,0.88172,1.00000,0.86577,1.00000,0.93548,1.00000,0.89358,1.00000
diffgan_tts,1,0,0.00000,1.00000,0.87057,1.00000,0.00000,1.00000,0.87344,1.00000,0.00000,1.00000,0.89645,1.00000
diffgan_tts,1,1,0.00000,1.00000,0.87057,1.00000,0.00000,1.00000,0.87344,1.00000,0.01075,1.00000,0.89741,1.00000
diffgan_tts,1,3,0.11828,1.00000,0.87057,1.00000,0.00000,1.00000,0.87344,1.00000,0.25806,1.00000,0.89741,1.00000
diffgan_tts,1,10,0.43011,1.00000,0.87057,1.00000,0.22581,1.00000,0.87248,1.00000,0.50538,1.00000,0.89741,1.00000
diffgan_tts,1,30,0.72043,1.00000,0.87057,1.00000,0.67742,1.00000,0.87248,1.00000,0.76344,1.00000,0.89645,1.00000
diffgan_tts,1,100,0.86022,1.00000,0.87057,1.00000,0.89247,1.00000,0.87152,1.00000,0.90323,1.00000,0.89741,1.00000
diffgan_tts,2,0,0.00000,1.00000,0.84947,1.00000,0.00000,1.00000,0.86385,1.00000,0.00000,1.00000,0.90029,1.00000
diffgan_tts,2,1,0.01075,1.00000,0.84947,1.00000,0.00000,1.00000,0.86385,1.00000,0.00000,1.00000,0.90125,1.00000
diffgan_tts,2,3,0.13978,1.00000,0.84947,1.00000,0.00000,1.00000,0.86385,1.00000,0.24731,1.00000,0.90029,1.00000
diffgan_tts,2,10,0.56989,1.00000,0.84947,1.00000,0.08602,1.00000,0.86385,1.00000,0.65591,1.00000,0.90029,1.00000
diffgan_tts,2,30,0.79570,1.00000,0.84947,1.00000,0.65591,1.00000,0.86385,1.00000,0.79570,1.00000,0.90029,1.00000
diffgan_tts,2,100,0.90323,1.00000,0.84564,1.00000,0.89247,1.00000,0.86098,1.00000,0.92473,1.00000,0.89933,1.00000
elevenlabs,0,0,0.00000,0.99990,0.86248,1.00000,0.00000,0.99997,0.86346,1.00000,0.00000,0.99998,0.89096,1.00000
elevenlabs,0,1,0.04237,0.99990,0.86248,1.00000,0.00000,0.99997,0.86346,1.00000,0.00000,0.99998,0.89194,1.00000
elevenlabs,0,3,0.11017,0.99990,0.86248,1.00000,0.00000,0.99997,0.86346,1.00000,0.06780,0.99998,0.89194,1.00000
elevenlabs,0,10,0.18644,0.99990,0.86248,1.00000,0.02542,0.99997,0.86346,1.00000,0.42373,0.99998,0.89096,1.00000
elevenlabs,0,30,0.39831,0.99993,0.86444,1.00000,0.19492,0.99997,0.86346,1.00000,0.70339,0.99998,0.89096,1.00000
elevenlabs,0,100,0.64407,0.99993,0.86346,1.00000,0.61864,0.99998,0.86149,1.00000,0.87288,0.99998,0.88998,1.00000
elevenlabs,1,0,0.00000,0.98799,0.85855,1.00000,0.00000,0.99997,0.85363,1.00000,0.00000,0.99996,0.89980,1.00000
elevenlabs,1,1,0.00000,0.98799,0.85855,1.00000,0.00000,0.99997,0.85363,1.00000,0.00000,0.99996,0.90079,1.00000
elevenlabs,1,3,0.03390,0.98799,0.85855,1.00000,0.00000,0.99997,0.85363,1.00000,0.02542,0.99996,0.90177,1.00000
elevenlabs,1,10,0.06780,0.98799,0.85855,1.00000,0.00000,0.99997,0.85363,1.00000,0.30508,0.99996,0.89882,1.00000
elevenlabs,1,30,0.39831,0.99599,0.86149,1.00000,0.06780,0.99997,0.85363,1.00000,0.73729,0.99996,0.90079,1.00000
elevenlabs,1,100,0.66102,0.99599,0.86248,1.00000,0.56780,0.99998,0.85363,1.00000,0.85593,0.99996,0.90079,1.00000
elevenlabs,2,0,0.00000,0.99153,0.85756,1.00000,0.00000,0.99997,0.86935,1.00000,0.00000,0.99997,0.89882,1.00000
elevenlabs,2,1,0.00000,0.99153,0.85756,1.00000,0.00000,0.99997,0.86935,1.00000,0.00000,0.99997,0.89882,1.00000
elevenlabs,2,3,0.07627,0.99153,0.85756,1.00000,0.00000,0.99997,0.86935,1.00000,0.08475,0.99997,0.89882,1.00000
elevenlabs,2,10,0.12712,0.99153,0.85560,1.00000,0.00847,0.99997,0.86935,1.00000,0.45763,0.99996,0.89980,1.00000
elevenlabs,2,30,0.34746,0.99153,0.85658,1.00000,0.27966,0.99998,0.86935,1.00000,0.61864,0.99997,0.89686,1.00000
elevenlabs,2,100,0.68644,0.99162,0.85855,1.00000,0.66949,0.99998,0.86935,1.00000,0.87288,0.99997,0.89784,1.00000
grad_tts,0,0,0.00000,1.00000,0.84511,0.99914,0.00000,1.00000,0.86447,1.00000,0.00000,1.00000,0.89448,1.00000
grad_tts,0,1,0.03883,1.00000,0.84414,0.99914,0.00000,1.00000,0.86447,1.00000,0.00971,1.00000,0.89448,1.00000
grad_tts,0,3,0.18447,1.00000,0.84414,0.99914,0.00000,1.00000,0.86447,1.00000,0.35922,1.00000,0.89351,1.00000
grad_tts,0,10,0.49515,1.00000,0.84318,0.99914,0.31068,1.00000,0.86350,1.00000,0.53398,1.00000,0.89448,1.00000
grad_tts,0,30,0.76699,1.00000,0.84221,0.99914,0.62136,1.00000,0.86350,1.00000,0.79612,1.00000,0.89351,1.00000
grad_tts,0,100,0.88350,1.00000,0.84221,0.99912,0.88350,1.00000,0.86254,1.00000,0.92233,1.00000,0.89351,1.00000
grad_tts,1,0,0.00000,1.00000,0.85286,0.99977,0.00000,1.00000,0.86931,1.00000,0.00000,1.00000,0.89835,1.00000
grad_tts,1,1,0.00000,1.00000,0.85286,0.99977,0.00000,1.00000,0.86931,1.00000,0.00000,1.00000,0.89932,1.00000
grad_tts,1,3,0.20388,1.00000,0.85286,0.99977,0.00000,1.00000,0.86931,1.00000,0.33010,1.00000,0.89835,1.00000
grad_tts,1,10,0.32039,1.00000,0.85189,0.99977,0.16505,1.00000,0.86931,1.00000,0.50485,1.00000,0.89739,1.00000
grad_tts,1,30,0.69903,1.00000,0.85286,0.99977,0.66990,1.00000,0.86931,1.00000,0.82524,1.00000,0.89835,1.00000
grad_tts,1,100,0.89320,1.00000,0.85092,0.99977,0.90291,1.00000,0.86641,1.00000,0.91262,1.00000,0.89739,1.00000
grad_tts,2,0,0.00000,1.00000,0.86060,0.99935,0.00000,1.00000,0.86254,1.00000,0.00000,1.00000,0.89739,1.00000
grad_tts,2,1,0.26214,1.00000,0.86060,0.99935,0.00000,1.00000,0.86254,1.00000,0.00971,1.00000,0.89448,1.00000
grad_tts,2,3,0.28155,1.00000,0.86060,0.99935,0.00000,1.00000,0.86254,1.00000,0.03883,1.00000,0.89545,1.00000
grad_tts,2,10,0.38835,1.00000,0.86060,0.99935,0.05825,1.00000,0.86254,1.00000,0.46602,1.00000,0.89642,1.00000
grad_tts,2,30,0.75728,1.00000,0.85866,0.99935,0.58252,1.00000,0.86157,1.00000,0.77670,1.00000,0.89835,1.00000
grad_tts,2,100,0.90291,1.00000,0.85770,0.99935,0.88350,1.00000,0.86060,1.00000,0.91262,1.00000,0.89351,1.00000
openvoicev2,0,0,0.00000,1.00000,0.89197,0.99932,0.00000,0.99999,0.90684,1.00000,0.00000,1.00000,0.93954,1.00000
openvoicev2,0,1,0.00787,1.00000,0.89395,0.99932,0.00000,0.99999,0.90684,1.00000,0.00000,1.00000,0.94054,1.00000
openvoicev2,0,3,0.03150,1.00000,0.89197,0.99932,0.00000,0.99999,0.90585,1.00000,0.09449,1.00000,0.93954,1.00000
openvoicev2,0,10,0.11024,1.00000,0.89197,0.99932,0.02362,0.99999,0.90684,1.00000,0.25984,1.00000,0.93855,1.00000
openvoicev2,0,30,0.39370,1.00000,0.89098,0.99932,0.33858,0.99999,0.90585,1.00000,0.51969,1.00000,0.93756,1.00000
openvoicev2,0,100,0.72441,1.00000,0.87413,0.99932,0.72441,1.00000,0.89495,1.00000,0.74803,1.00000,0.91972,1.00000
openvoicev2,1,0,0.00000,1.00000,0.89693,1.00000,0.00000,1.00000,0.90089,1.00000,0.00000,1.00000,0.93954,1.00000
openvoicev2,1,1,0.00787,1.00000,0.89693,1.00000,0.00000,1.00000,0.90089,1.00000,0.00787,1.00000,0.93954,1.00000
openvoicev2,1,3,0.00787,1.00000,0.89693,1.00000,0.00000,1.00000,0.90089,1.00000,0.09449,1.00000,0.93954,1.00000
openvoicev2,1,10,0.24409,1.00000,0.89891,1.00000,0.04724,1.00000,0.90089,1.00000,0.33858,1.00000,0.94054,1.00000
openvoicev2,1,30,0.55906,1.00000,0.88900,1.00000,0.37008,1.00000,0.89891,1.00000,0.50394,1.00000,0.93261,1.00000
openvoicev2,1,100,0.79528,1.00000,0.87810,1.00000,0.74803,1.00000,0.89098,1.00000,0.70079,1.00000,0.92468,1.00000
openvoicev2,2,0,0.00000,1.00000,0.89296,1.00000,0.00000,1.00000,0.89990,1.00000,0.00000,1.00000,0.93261,1.00000
openvoicev2,2,1,0.01575,1.00000,0.89197,1.00000,0.00000,1.00000,0.89990,1.00000,0.00000,1.00000,0.93459,1.00000
openvoicev2,2,3,0.09449,1.00000,0.89197,1.00000,0.00000,1.00000,0.89990,1.00000,0.07087,1.00000,0.93558,1.00000
openvoicev2,2,10,0.18110,1.00000,0.89098,1.00000,0.03937,1.00000,0.89891,1.00000,0.29134,1.00000,0.93657,1.00000
openvoicev2,2,30,0.55118,1.00000,0.88702,1.00000,0.34646,1.00000,0.89792,1.00000,0.48031,1.00000,0.93162,1.00000
openvoicev2,2,100,0.71654,1.00000,0.87611,1.00000,0.70866,1.00000,0.88900,1.00000,0.68504,1.00000,0.91477,1.00000
playht,0,0,0.00000,0.99995,0.89655,0.99992,0.00000,0.99999,0.89754,1.00000,0.00000,1.00000,0.91429,1.00000
playht,0,1,0.00826,0.99994,0.89655,0.99992,0.00000,0.99999,0.89754,1.00000,0.00000,1.00000,0.91330,1.00000
playht,0,3,0.00826,0.99995,0.89557,0.99992,0.00000,0.99999,0.89754,1.00000,0.03306,1.00000,0.91429,1.00000
playht,0,10,0.03306,0.99992,0.89557,0.99992,0.00000,0.99999,0.89754,1.00000,0.19835,1.00000,0.91429,1.00000
playht,0,30,0.19835,0.99994,0.89557,0.99992,0.02479,0.99999,0.89655,1.00000,0.42975,1.00000,0.91429,1.00000
playht,0,100,0.38017,0.99996,0.88966,0.99992,0.38843,0.99999,0.89557,1.00000,0.67769,1.00000,0.90837,1.00000
playht,1,0,0.00000,1.00000,0.90837,0.99994,0.00000,0.99999,0.90640,1.00000,0.00000,1.00000,0.92512,1.00000
playht,1,1,0.00000,1.00000,0.90837,0.99994,0.00000,0.99999,0.90640,1.00000,0.00000,1.00000,0.92512,1.00000
playht,1,3,0.00826,1.00000,0.90837,0.99994,0.00000,0.99999,0.90640,1.00000,0.02479,1.00000,0.92512,1.00000
playht,1,10,0.06612,1.00000,0.90936,0.99994,0.00826,0.99999,0.90640,1.00000,0.19835,1.00000,0.92512,1.00000
playht,1,30,0.14876,1.00000,0.90542,0.99994,0.06612,0.99999,0.90640,1.00000,0.42975,1.00000,0.92315,1.00000
playht,1,100,0.47934,1.00000,0.90049,0.99994,0.40496,1.00000,0.90443,1.00000,0.64463,1.00000,0.92217,1.00000
playht,2,0,0.00000,0.99995,0.89458,0.99996,0.00000,1.00000,0.89655,1.00000,0.00000,1.00000,0.92709,1.00000
playht,2,1,0.00000,0.99995,0.89458,0.99996,0.00000,1.00000,0.89655,1.00000,0.00000,1.00000,0.92709,1.00000
playht,2,3,0.00826,0.99995,0.89458,0.99996,0.00000,1.00000,0.89655,1.00000,0.04959,1.00000,0.92709,1.00000
playht,2,10,0.02479,0.99995,0.89360,0.99996,0.01653,1.00000,0.89655,1.00000,0.14050,1.00000,0.92611,1.00000
playht,2,30,0.14876,0.99996,0.89458,0.99996,0.04959,1.00000,0.89557,1.00000,0.39669,1.00000,0.92512,1.00000
playht,2,100,0.53719,0.99997,0.89261,0.99996,0.33884,1.00000,0.89557,1.00000,0.62810,1.00000,0.92315,1.00000
pro_diff,0,0,0.00000,0.99944,0.83812,0.99995,0.00000,0.99999,0.85249,1.00000,0.00000,1.00000,0.88793,1.00000
pro_diff,0,1,0.32609,0.99951,0.83812,0.99995,0.00000,0.99999,0.85249,1.00000,0.05435,1.00000,0.88889,1.00000
pro_diff,0,3,0.72826,0.99989,0.83812,0.99995,0.18478,1.00000,0.85249,1.00000,0.44565,1.00000,0.88793,1.00000
pro_diff,0,10,0.93478,0.99985,0.84004,0.99995,0.88043,1.00000,0.85249,1.00000,0.90217,1.00000,0.88889,1.00000
pro_diff,0,30,0.95652,0.99985,0.84004,0.99995,0.94565,1.00000,0.85249,1.00000,0.95652,1.00000,0.88889,1.00000
pro_diff,0,100,0.98913,0.99996,0.84004,0.99995,1.00000,1.00000,0.85345,1.00000,0.98913,1.00000,0.88889,1.00000
pro_diff,1,0,0.00000,1.00000,0.85632,1.00000,0.00000,0.99999,0.86111,1.00000,0.00000,1.00000,0.89847,1.00000
pro_diff,1,1,0.43478,1.00000,0.85632,1.00000,0.00000,1.00000,0.86111,1.00000,0.07609,1.00000,0.89464,1.00000
pro_diff,1,3,0.48913,1.00000,0.85632,1.00000,0.17391,1.00000,0.86111,1.00000,0.77174,1.00000,0.89847,1.00000
pro_diff,1,10,0.89130,1.00000,0.85632,1.00000,0.84783,1.00000,0.86111,1.00000,0.90217,1.00000,0.89751,1.00000
pro_diff,1,30,0.98913,1.00000,0.85632,1.00000,0.92391,1.00000,0.86111,1.00000,0.94565,1.00000,0.89751,1.00000
pro_diff,1,100,0.98913,1.00000,0.85728,1.00000,0.98913,1.00000,0.86015,1.00000,0.97826,1.00000,0.89751,1.00000
pro_diff,2,0,0.00000,0.99999,0.84387,1.00000,0.00000,0.99996,0.85441,1.00000,0.00000,1.00000,0.89751,1.00000
pro_diff,2,1,0.45652,1.00000,0.84387,1.00000,0.00000,0.99996,0.85441,1.00000,0.03261,1.00000,0.89751,1.00000
pro_diff,2,3,0.65217,1.00000,0.84387,1.00000,0.07609,0.99997,0.85441,1.00000,0.55435,1.00000,0.89751,1.00000
pro_diff,2,10,0.91304,1.00000,0.84483,1.00000,0.82609,1.00000,0.85441,1.00000,0.86957,1.00000,0.89559,1.00000
pro_diff,2,30,0.98913,1.00000,0.84387,1.00000,0.93478,1.00000,0.85441,1.00000,0.96739,1.00000,0.89655,1.00000
pro_diff,2,100,1.00000,1.00000,0.84483,1.00000,1.00000,1.00000,0.85441,1.00000,1.00000,1.00000,0.89751,1.00000
unit_speech,0,0,0.00000,1.00000,0.90500,1.00000,0.00000,0.99999,0.91100,1.00000,0.00000,1.00000,0.92400,1.00000
unit_speech,0,1,0.00000,1.00000,0.90700,1.00000,0.00000,0.99999,0.91100,1.00000,0.00000,1.00000,0.92600,1.00000
unit_speech,0,3,0.00735,1.00000,0.90700,1.00000,0.00000,0.99999,0.90900,1.00000,0.02941,1.00000,0.92600,1.00000
unit_speech,0,10,0.05882,1.00000,0.90700,1.00000,0.00000,0.99999,0.91000,1.00000,0.11765,1.00000,0.92600,1.00000
unit_speech,0,30,0.13971,1.00000,0.90600,1.00000,0.00735,0.99999,0.91000,1.00000,0.38971,1.00000,0.91900,1.00000
unit_speech,0,100,0.46324,1.00000,0.89900,1.00000,0.30882,1.00000,0.90900,1.00000,0.75735,1.00000,0.91900,1.00000
unit_speech,1,0,0.00000,1.00000,0.90000,0.99963,0.00000,0.99999,0.91000,0.99999,0.00000,1.00000,0.93500,1.00000
unit_speech,1,1,0.00000,1.00000,0.89700,0.99963,0.00000,0.99999,0.91000,0.99999,0.00000,1.00000,0.93500,1.00000
unit_speech,1,3,0.00000,1.00000,0.89800,0.99963,0.00000,0.99999,0.91000,0.99999,0.00000,1.00000,0.93300,1.00000
unit_speech,1,10,0.02206,1.00000,0.89700,0.99963,0.00000,0.99999,0.91000,0.99999,0.17647,1.00000,0.93400,1.00000
unit_speech,1,30,0.13971,1.00000,0.89600,0.99963,0.04412,0.99999,0.91000,0.99999,0.33824,1.00000,0.93100,1.00000
unit_speech,1,100,0.45588,1.00000,0.89000,0.99963,0.27941,0.99999,0.91000,1.00000,0.72059,1.00000,0.92600,1.00000
unit_speech,2,0,0.00000,1.00000,0.89500,1.00000,0.00000,1.00000,0.90300,1.00000,0.00000,1.00000,0.93000,1.00000
unit_speech,2,1,0.00000,1.00000,0.89500,1.00000,0.00000,1.00000,0.90300,1.00000,0.00000,1.00000,0.93100,1.00000
unit_speech,2,3,0.00000,1.00000,0.89500,1.00000,0.00000,1.00000,0.90300,1.00000,0.00735,1.00000,0.93100,1.00000
unit_speech,2,10,0.06618,1.00000,0.89400,1.00000,0.00000,1.00000,0.90300,1.00000,0.11029,1.00000,0.93000,1.00000
unit_speech,2,30,0.16176,1.00000,0.89300,1.00000,0.09559,1.00000,0.90300,1.00000,0.35294,1.00000,0.92800,1.00000
unit_speech,2,100,0.39706,1.00000,0.88400,1.00000,0.30147,1.00000,0.90300,1.00000,0.76471,1.00000,0.92300,1.00000
wavegrad2,0,0,0.00000,0.99965,0.84947,0.99918,0.00000,0.99998,0.85043,1.00000,0.00000,0.99999,0.88974,1.00000
wavegrad2,0,1,0.02151,0.99965,0.84947,0.99918,0.00000,0.99998,0.85043,1.00000,0.00000,0.99999,0.88974,1.00000
wavegrad2,0,3,0.29032,0.99961,0.84947,0.99918,0.00000,0.99998,0.85043,1.00000,0.05376,0.99999,0.88974,1.00000
wavegrad2,0,10,0.70968,0.99933,0.84947,0.99917,0.20430,0.99998,0.85043,1.00000,0.66667,0.99999,0.88974,1.00000
wavegrad2,0,30,0.91398,0.99956,0.84947,0.99917,0.73118,1.00000,0.85043,1.00000,0.94624,0.99999,0.89070,1.00000
wavegrad2,0,100,0.98925,0.99962,0.84947,0.99917,0.94624,1.00000,0.85043,1.00000,1.00000,1.00000,0.89070,1.00000
wavegrad2,1,0,0.00000,1.00000,0.84660,1.00000,0.00000,0.99996,0.86098,1.00000,0.00000,1.00000,0.90029,1.00000
wavegrad2,1,1,0.30108,1.00000,0.84660,1.00000,0.00000,0.99997,0.86098,1.00000,0.03226,1.00000,0.90029,1.00000
wavegrad2,1,3,0.39785,1.00000,0.84660,1.00000,0.01075,0.99998,0.86098,1.00000,0.18280,1.00000,0.90029,1.00000
wavegrad2,1,10,0.86022,1.00000,0.84564,1.00000,0.46237,0.99999,0.86098,1.00000,0.67742,1.00000,0.90029,1.00000
wavegrad2,1,30,0.95699,1.00000,0.84564,1.00000,0.87097,1.00000,0.86098,1.00000,0.87097,1.00000,0.90029,1.00000
wavegrad2,1,100,0.98925,1.00000,0.84564,1.00000,0.96774,1.00000,0.86098,1.00000,0.97849,1.00000,0.90029,1.00000
wavegrad2,2,0,0.00000,1.00000,0.85139,1.00000,0.00000,0.99998,0.85810,1.00000,0.00000,1.00000,0.89933,1.00000
wavegrad2,2,1,0.01075,1.00000,0.85139,1.00000,0.00000,0.99998,0.85810,1.00000,0.00000,1.00000,0.89837,1.00000
wavegrad2,2,3,0.08602,1.00000,0.85043,1.00000,0.01075,0.99999,0.85810,1.00000,0.21505,1.00000,0.89837,1.00000
wavegrad2,2,10,0.56989,1.00000,0.85043,1.00000,0.13978,0.99999,0.85810,1.00000,0.72043,1.00000,0.89741,1.00000
wavegrad2,2,30,0.88172,1.00000,0.85043,1.00000,0.75269,1.00000,0.85810,1.00000,0.95699,1.00000,0.89741,1.00000
wavegrad2,2,100,0.96774,1.00000,0.85043,1.00000,0.95699,1.00000,0.85810,1.00000,0.97849,1.00000,0.89837,1.00000
xtts_v2,0,0,0.00000,1.00000,0.90332,1.00000,0.00000,1.00000,0.89844,1.00000,0.00000,1.00000,0.92188,1.00000
xtts_v2,0,1,0.00000,1.00000,0.90332,1.00000,0.00000,1.00000,0.89844,1.00000,0.00000,1.00000,0.92285,1.00000
xtts_v2,0,3,0.02679,1.00000,0.90332,1.00000,0.00000,1.00000,0.89844,1.00000,0.01786,1.00000,0.92383,1.00000
xtts_v2,0,10,0.08036,1.00000,0.90332,1.00000,0.00000,1.00000,0.89844,1.00000,0.16071,1.00000,0.92285,1.00000
xtts_v2,0,30,0.18750,1.00000,0.90723,1.00000,0.05357,1.00000,0.89844,1.00000,0.29464,1.00000,0.92188,1.00000
xtts_v2,0,100,0.36607,1.00000,0.89941,1.00000,0.34821,1.00000,0.89844,1.00000,0.57143,1.00000,0.92480,1.00000
xtts_v2,1,0,0.00000,1.00000,0.90137,1.00000,0.00000,1.00000,0.89844,1.00000,0.00000,1.00000,0.92969,1.00000
xtts_v2,1,1,0.00000,1.00000,0.90137,1.00000,0.00000,1.00000,0.89844,1.00000,0.00000,1.00000,0.93262,1.00000
xtts_v2,1,3,0.04464,1.00000,0.90137,1.00000,0.00000,1.00000,0.89844,1.00000,0.00893,1.00000,0.93262,1.00000
xtts_v2,1,10,0.10714,1.00000,0.90137,1.00000,0.00000,1.00000,0.89844,1.00000,0.06250,1.00000,0.93262,1.00000
xtts_v2,1,30,0.21429,1.00000,0.90234,1.00000,0.07143,1.00000,0.89648,1.00000,0.41964,1.00000,0.93262,1.00000
xtts_v2,1,100,0.39286,1.00000,0.90332,1.00000,0.36607,1.00000,0.89648,1.00000,0.63393,1.00000,0.93359,1.00000
xtts_v2,2,0,0.00000,1.00000,0.88379,1.00000,0.00000,1.00000,0.89746,1.00000,0.00000,1.00000,0.93555,1.00000
xtts_v2,2,1,0.00000,1.00000,0.88379,1.00000,0.00000,1.00000,0.89746,1.00000,0.00000,1.00000,0.93555,1.00000
xtts_v2,2,3,0.00000,1.00000,0.88379,1.00000,0.00000,1.00000,0.89746,1.00000,0.03571,1.00000,0.93457,1.00000
xtts_v2,2,10,0.02679,1.00000,0.88379,1.00000,0.00000,1.00000,0.89746,1.00000,0.16964,1.00000,0.93555,1.00000
xtts_v2,2,30,0.20536,1.00000,0.88184,1.00000,0.04464,1.00000,0.89746,1.00000,0.34821,1.00000,0.93359,1.00000
xtts_v2,2,100,0.40179,1.00000,0.87891,1.00000,0.40179,1.00000,0.89551,1.00000,0.61607,1.00000,0.93262,1.00000
your_tts,0,0,0.00000,0.99976,0.85829,0.99916,0.00000,1.00000,0.87337,1.00000,0.00000,1.00000,0.90854,1.00000
your_tts,0,1,0.00000,0.99976,0.85930,0.99916,0.00000,1.00000,0.87337,1.00000,0.00000,1.00000,0.90854,1.00000
your_tts,0,3,0.00000,0.99974,0.85930,0.99916,0.00000,1.00000,0.87337,1.00000,0.04255,1.00000,0.90854,1.00000
your_tts,0,10,0.02837,0.99973,0.85829,0.99916,0.00000,1.00000,0.87337,1.00000,0.32624,1.00000,0.90854,1.00000
your_tts,0,30,0.23404,0.99976,0.85729,0.99916,0.09220,1.00000,0.87337,1.00000,0.69504,1.00000,0.91055,1.00000
your_tts,0,100,0.70922,0.99965,0.85930,0.99915,0.51064,1.00000,0.87236,1.00000,0.84397,1.00000,0.90854,1.00000
your_tts,1,0,0.00000,1.00000,0.87538,1.00000,0.00000,1.00000,0.87538,1.00000,0.00000,1.00000,0.91658,1.00000
your_tts,1,1,0.01418,1.00000,0.87538,1.00000,0.00000,1.00000,0.87538,1.00000,0.00000,1.00000,0.91658,1.00000
your_tts,1,3,0.05674,1.00000,0.87538,1.00000,0.00000,1.00000,0.87538,1.00000,0.02837,1.00000,0.91759,1.00000
your_tts,1,10,0.14894,1.00000,0.87437,1.00000,0.00000,1.00000,0.87538,1.00000,0.46099,1.00000,0.91658,1.00000
your_tts,1,30,0.46809,1.00000,0.87236,1.00000,0.25532,1.00000,0.87538,1.00000,0.62411,1.00000,0.91759,1.00000
your_tts,1,100,0.73759,1.00000,0.87236,1.00000,0.64539,1.00000,0.87337,1.00000,0.87234,1.00000,0.91357,1.00000
your_tts,2,0,0.00000,0.99996,0.88141,0.99995,0.00000,1.00000,0.87437,1.00000,0.00000,1.00000,0.91960,1.00000
your_tts,2,1,0.03546,0.99995,0.88141,0.99995,0.00000,1.00000,0.87437,1.00000,0.00000,1.00000,0.91960,1.00000
your_tts,2,3,0.11348,0.99993,0.88241,0.99995,0.00000,1.00000,0.87437,1.00000,0.05674,1.00000,0.91960,1.00000
your_tts,2,10,0.19858,0.99993,0.88442,0.99995,0.01418,1.00000,0.87437,1.00000,0.29787,1.00000,0.91960,1.00000
your_tts,2,30,0.38298,0.99993,0.88241,0.99995,0.15603,1.00000,0.87437,1.00000,0.58865,1.00000,0.91960,1.00000
your_tts,2,100,0.60993,0.99995,0.87940,0.99995,0.57447,1.00000,0.87437,1.00000,0.85816,1.00000,0.91658,1.00000
