seed,k,n_test,n_test_speakers,cobweb_clean_auc,cobweb_clean_mindcf,cobweb_aug_auc,cobweb_aug_mindcf,knn_clean_auc,knn_clean_mindcf,knn_aug_auc,knn_aug_mindcf,lr_clean_auc,lr_clean_mindcf,lr_aug_auc,lr_aug_mindcf,detector_clean_auc,detector_clean_mindcf,detector_aug_auc,detector_aug_mindcf
0,0,1344,26,0.99911,0.02115,0.98322,0.10864,0.99973,0.01511,0.99148,0.08150,0.99967,0.01208,0.99494,0.07246,0.99996,0.00476,0.99695,0.06017
0,10,1344,26,0.99913,0.02115,0.98318,0.10864,0.99973,0.01511,0.99149,0.08150,0.99969,0.01208,0.99494,0.07447,0.99996,0.00476,0.99695,0.06017
0,30,1344,26,0.99940,0.01813,0.98422,0.10361,0.99976,0.01208,0.99155,0.08150,0.99971,0.01208,0.99500,0.07447,0.99996,0.00476,0.99695,0.06017
0,100,1344,26,0.99945,0.01813,0.98302,0.11367,0.99974,0.01208,0.99158,0.08150,0.99974,0.01208,0.99542,0.07645,0.99996,0.00476,0.99695,0.06017
0,300,1344,26,0.99799,0.01813,0.98405,0.10767,0.99974,0.01409,0.99429,0.07949,0.99974,0.01208,0.99524,0.07244,0.99996,0.00476,0.99695,0.06017
1,0,1290,26,0.99726,0.03114,0.97939,0.11311,0.99692,0.02481,0.98949,0.10996,0.99857,0.03308,0.99168,0.11311,0.99987,0.00688,0.99810,0.06353
1,10,1290,26,0.99726,0.03114,0.97893,0.10631,0.99692,0.02481,0.98949,0.10996,0.99857,0.03308,0.99165,0.11311,0.99987,0.00688,0.99810,0.06353
1,30,1290,26,0.99713,0.03114,0.97863,0.10996,0.99694,0.02481,0.98959,0.10996,0.99866,0.03308,0.99198,0.10581,0.99987,0.00688,0.99810,0.06353
1,100,1290,26,0.99685,0.02481,0.98310,0.10654,0.99830,0.02019,0.98877,0.10534,0.99906,0.02384,0.99364,0.10119,0.99987,0.00688,0.99810,0.06353
1,300,1290,26,0.99796,0.02019,0.98294,0.10386,0.99702,0.02019,0.98881,0.10631,0.99923,0.02019,0.99422,0.10484,0.99987,0.00688,0.99810,0.06353
2,0,1472,26,0.98655,0.06504,0.96687,0.16000,0.99396,0.03312,0.98834,0.10870,0.99834,0.03768,0.99305,0.09737,0.99958,0.01993,0.99560,0.09277
2,10,1472,26,0.98656,0.06504,0.96738,0.16000,0.99389,0.03312,0.98838,0.10870,0.99837,0.03768,0.99311,0.09737,0.99958,0.01993,0.99560,0.09277
2,30,1472,26,0.98954,0.05136,0.97052,0.13820,0.99393,0.03312,0.98844,0.10870,0.99860,0.03213,0.99351,0.09439,0.99958,0.01993,0.99560,0.09277
2,100,1472,26,0.99157,0.04680,0.97448,0.12986,0.99400,0.03034,0.98886,0.10592,0.99869,0.03669,0.99387,0.09182,0.99958,0.01993,0.99560,0.09277
2,300,1472,26,0.99615,0.04124,0.98257,0.11006,0.99537,0.02479,0.99134,0.10471,0.99910,0.03391,0.99516,0.08170,0.99958,0.01993,0.99560,0.09277
