set,view,quintile,n,error_rate,mean_confidence,typicality_median,spearman_typicality_confidence
holdout,clean,1,87,0.00000,7.49979,11.04619,
holdout,clean,2,86,0.00000,7.62843,15.66822,
holdout,clean,3,87,0.00000,7.75532,18.08971,
holdout,clean,4,86,0.00000,7.76181,20.85499,
holdout,clean,5,87,0.00000,7.79128,24.26297,
holdout,clean,0,433,0.00000,,,0.16555
holdout,aug,1,87,0.02299,7.18940,10.02146,
holdout,aug,2,86,0.00000,7.45644,14.76719,
holdout,aug,3,87,0.01149,7.36523,18.08608,
holdout,aug,4,86,0.01163,6.85997,21.89199,
holdout,aug,5,87,0.12644,5.35088,29.97098,
holdout,aug,0,433,0.03464,,,-0.27305
itw,clean,1,193,0.01036,6.61169,4.16293,
itw,clean,2,193,0.00518,6.95531,7.91009,
itw,clean,3,192,0.02604,6.98660,10.62358,
itw,clean,4,193,0.00000,6.96186,13.23468,
itw,clean,5,193,0.04663,5.93652,18.38552,
itw,clean,0,964,0.01763,,,-0.05763
itw,aug,1,193,0.01036,6.36465,4.62638,
itw,aug,2,193,0.00518,6.81149,8.83823,
itw,aug,3,192,0.01042,6.58122,12.29098,
itw,aug,4,193,0.03627,6.14637,16.59317,
itw,aug,5,193,0.15026,3.30138,28.98336,
itw,aug,0,964,0.04253,,,-0.37684
