set,view,scorer,n,detector_flag_rate,agreement,kappa,kappa_lo,kappa_hi,detector_accuracy,concept_accuracy
val,clean,TTCG,416,0.25481,1.00000,1.00000,1.00000,1.00000,1.00000,1.00000
val,clean,cobweb,416,0.25481,1.00000,1.00000,1.00000,1.00000,1.00000,1.00000
val,aug,TTCG,413,0.26877,0.98789,0.96911,0.93694,0.99347,0.99031,0.98789
val,aug,cobweb,413,0.26877,0.98789,0.96911,0.93572,0.99356,0.99031,0.98305
holdout,clean,TTCG,320,0.51250,1.00000,1.00000,1.00000,1.00000,1.00000,1.00000
holdout,clean,cobweb,320,0.51250,1.00000,1.00000,1.00000,1.00000,1.00000,1.00000
holdout,aug,TTCG,285,0.51930,0.97544,0.95082,0.90867,0.98586,0.96491,0.95439
holdout,aug,cobweb,285,0.51930,0.97544,0.95082,0.90861,0.98578,0.96491,0.95439
itw,clean,TTCG,641,0.51326,0.97816,0.95629,0.93138,0.97805,0.98284,0.97660
itw,clean,cobweb,641,0.51326,0.96256,0.92506,0.89384,0.95608,0.98284,0.96724
itw,aug,TTCG,655,0.51756,0.94809,0.89606,0.86174,0.92680,0.95115,0.94504
itw,aug,cobweb,655,0.51756,0.93282,0.86548,0.82281,0.90222,0.95115,0.93282
NSA test,as delivered,TTCG,1671,0.28247,0.99402,0.98524,0.97520,0.99410,,
NSA test,as delivered,cobweb,1671,0.28247,0.99402,0.98524,0.97517,0.99407,,
