dim,detector_sensitivity,n,top1,rho1,rho1_lo,rho1_hi,top2,rho2,top3,rho3,importance_rank
dim00,143.4556,4986,bg.frame_level_std_db,0.4168,0.3920,0.4368,spec.fb_hiflatness_db_p90,0.3860,bg.noise_flatness_db,0.3068,1
dim01,-10.2225,5283,spec.fb_flux_med,0.2540,0.2289,0.2816,spec.fb_flux_p90,0.2036,pros.f0_st_std,0.1882,2
dim02,5.3957,4984,bg.floor_std_db,-0.2319,-0.2574,-0.2049,spec.ltas_ripple_std_db,0.2310,pros.f0_st_iqr,-0.2286,3
dim04,-0.9352,5283,spec.fb_centroid_hz_p10,0.5539,0.5348,0.5732,spec.fb_rolloff85_hz_p10,0.5481,spec.band_50_250_db_med,-0.5043,4
dim08,0.4326,4986,bg.snr_db,0.3079,0.2863,0.3316,bg.floor_std_db,0.2857,spec.fb_centroid_hz_p90,0.2824,5
dim03,-0.4291,5283,spec.band_50_250_db_med,0.4016,0.3797,0.4296,spec.fb_centroid_hz_p10,-0.3953,spec.fb_rolloff85_hz_p10,-0.3819,6
dim07,-0.3809,5283,spec.fb_hiflatness_db_p90,-0.2941,-0.3205,-0.2703,spec.band_2000_3000_db_iqr,-0.2513,spec.band_1000_2000_db_iqr,-0.2366,7
dim05,-0.2755,4986,bg.snr_db,-0.3544,-0.3776,-0.3334,pros.voiced_segments_per_s,0.3185,bg.floor_std_db,-0.2864,8
dim13,0.2628,4986,bg.snr_db,-0.3093,-0.3392,-0.2822,bg.floor_std_db,-0.2946,spec.band_50_250_db_iqr,-0.2932,9
dim06,0.2243,5283,spec.band_250_500_db_med,0.4782,0.4558,0.5031,lpc.res_kurtosis_iqr,0.4447,spec.fb_rolloff85_hz_p10,0.4366,10
dim19,-0.1998,5283,spec.lb_rolloff85_hz_med,0.2377,0.2138,0.2621,spec.fb_rolloff85_hz_med,0.2239,spec.lb_centroid_hz_med,0.1954,11
dim30,0.1841,4984,bg.max_floor_jump_db,-0.3348,-0.3580,-0.3110,bg.floor_std_db,-0.3262,bg.frame_level_std_db,-0.3080,12
dim27,0.1727,5283,spec.fb_flux_p90,-0.2356,-0.2638,-0.2105,bg.noise_centroid_hz,0.2291,spec.fb_hiflatness_db_p90,0.2222,13
dim22,-0.1663,4986,bg.snr_db,0.3375,0.3096,0.3609,bg.floor_std_db,0.3119,spec.energy_std_db,0.2994,14
dim23,0.1524,4986,bg.snr_db,0.2902,0.2643,0.3150,pros.voiced_segments_per_s,-0.2877,spec.energy_std_db,0.2851,15
dim20,0.1318,4986,bg.noise_centroid_hz,-0.3654,-0.3862,-0.3391,bg.noise_flatness_db,-0.3367,bg.frame_level_std_db,-0.2790,16
dim11,-0.1143,5283,spec.fb_rolloff85_hz_p90,0.3257,0.3007,0.3476,spec.fb_centroid_hz_p90,0.3219,spec.fb_rolloff95_hz_p90,0.3190,17
dim25,0.0911,4986,bg.snr_db,-0.2288,-0.2516,-0.2036,bg.floor_std_db,-0.2226,spec.ltas_ripple_std_db,0.2201,18
dim15,0.0911,4986,bg.noise_flatness_db,0.1742,0.1465,0.1995,pros.shimmer_local,-0.1638,spec.fb_flux_p10,-0.1597,19
dim10,-0.0736,4986,bg.frame_level_std_db,0.3531,0.3287,0.3745,bg.noise_centroid_hz,0.3153,spec.band_50_250_db_iqr,0.3035,20
dim12,-0.0733,5283,lpc.res_acf_peak_med,0.4416,0.4186,0.4621,bg.snr_db,-0.4252,lpc.res_acf_peak_iqr,0.4223,21
dim14,-0.0677,4986,bg.frame_level_std_db,0.5037,0.4824,0.5262,bg.noise_centroid_hz,0.4392,bg.noise_flatness_db,0.4140,22
dim18,-0.0666,5279,pros.shimmer_local,0.2930,0.2651,0.3208,spec.band_50_250_db_iqr,-0.2558,spec.fb_centroid_hz_p10,-0.2487,23
dim26,-0.0442,5279,pros.voiced_per_active,-0.1724,-0.1965,-0.1449,spec.fb_flux_med,0.1411,pros.voiced_segment_med_s,-0.1313,24
dim31,-0.0439,4986,bg.snr_db,-0.2417,-0.2686,-0.2150,bg.floor_std_db,-0.2245,bg.max_floor_jump_db,-0.2208,25
dim24,-0.0363,5283,spec.band_1000_2000_db_med,0.1566,0.1277,0.1853,spec.fb_flux_p90,-0.1168,spec.energy_std_db,-0.1001,26
dim09,0.0234,5283,spec.ltas_ripple_std_db,-0.2611,-0.2851,-0.2360,pros.f0_st_iqr,0.2445,bg.frame_level_std_db,0.2358,27
dim16,-0.0221,5283,spec.ltas_ripple_std_db,0.4949,0.4763,0.5158,bg.frame_level_std_db,-0.4747,bg.snr_db,-0.3586,28
dim28,0.0197,4986,bg.snr_db,0.3032,0.2802,0.3279,spec.ltas_ripple_std_db,-0.2997,bg.floor_std_db,0.2922,29
dim21,-0.0162,5283,spec.band_1000_2000_db_iqr,0.2046,0.1787,0.2300,spec.band_1000_2000_db_med,-0.1757,pros.voiced_segments_per_s,-0.1718,30
dim29,0.0119,5283,lpc.res_kurtosis_med,-0.1874,-0.2114,-0.1569,bg.snr_db,0.1870,pros.voiced_segments_per_s,-0.1694,31
dim17,-0.0113,5283,spec.fb_flux_iqr,0.3302,0.3063,0.3536,spec.fb_rolloff95_hz_p90,-0.3060,spec.fb_centroid_hz_p90,-0.3037,32
