,rho_with_detector_logit
bg.frame_level_std_db,0.4135
spec.fb_hiflatness_db_p90,0.3748
bg.noise_flatness_db,0.2768
bg.snr_db,0.2759
spec.fb_flux_iqr,-0.2444
bg.noise_centroid_hz,0.2378
pros.f0_st_std,-0.2302
bg.noise_hf_ratio_db,0.2202
spec.fb_centroid_hz_p90,0.2197
lpc.res_flatness_db_med,0.2143
spec.fb_flux_p90,-0.2099
spec.fb_rolloff85_hz_p90,0.2097
spec.fb_rolloff95_hz_p90,0.2067
pros.f0_dst_std,-0.1978
bg.max_floor_jump_db,0.1859
bg.floor_std_db,0.1802
pros.f0_d2st_std,-0.1724
spec.fb_flux_med,-0.1713
spec.fb_hiflatness_db_med,0.1701
pros.jitter_local,-0.1694
spec.ltas_ripple_std_db,-0.1585
lpc.res_flatness_db_iqr,-0.1577
spec.band_1000_2000_db_iqr,0.1533
bg.noise_slope_db_per_khz,0.1478
spec.fb_hiflatness_db_p10,0.1463
spec.energy_std_db,0.1447
pros.f0_st_range90,-0.1347
bg.max_dc_jump,0.1335
pros.pause_med_s,-0.1332
spec.fb_flatness_db_p10,0.1267
lpc.pred_gain_db_iqr,0.1250
spec.fb_rolloff95_hz_iqr,0.1220
spec.fb_flatness_db_med,0.1180
pros.octave_jump_rate,-0.1151
spec.fb_flatness_db_p90,0.1139
pros.voiced_segment_med_s,0.1083
spec.band_4000_5000_db_iqr,0.1081
spec.band_2000_3000_db_iqr,0.1057
spec.fb_rolloff85_hz_p10,0.1050
spec.band_250_500_db_med,0.0977
spec.band_1000_2000_db_med,-0.0946
spec.band_4000_5000_db_med,0.0908
spec.lb_rolloff85_hz_iqr,0.0895
spec.fb_spread_hz_iqr,0.0887
spec.fb_rolloff85_hz_iqr,0.0878
pros.voiced_segments_per_s,-0.0864
spec.fb_centroid_hz_iqr,0.0794
pros.f0_st_iqr,-0.0781
spec.fb_centroid_hz_p10,0.0730
bg.noise_tonality_db,-0.0720
spec.band_50_250_db_iqr,0.0716
spec.lb_centroid_hz_med,0.0707
spec.band_3000_4000_db_iqr,0.0691
pros.f0_dst_absmed,-0.0672
phase.ifjump_hz_p90,-0.0667
lpc.pred_gain_db_med,-0.0644
spec.fb_centroid_hz_med,0.0629
spec.lb_centroid_hz_iqr,0.0627
spec.band_5000_6000_db_iqr,0.0621
lpc.res_kurtosis_iqr,-0.0595
spec.fb_hiflatness_db_iqr,-0.0586
spec.fb_rolloff95_hz_med,0.0579
spec.band_3000_4000_db_med,0.0535
pros.pauses_per_active_s,-0.0516
spec.lb_flatness_db_iqr,0.0506
spec.ltas_ripple_acf_max,-0.0506
spec.band_500_1000_db_iqr,0.0495
spec.band_500_1000_db_med,-0.0488
spec.fb_spread_hz_med,0.0482
bg.max_shape_jump_db,-0.0478
spec.band_50_250_db_med,-0.0475
spec.band_6000_7000_db_iqr,0.0461
spec.fb_rolloff85_hz_med,0.0450
spec.fb_rolloff95_hz_p10,0.0445
phase.ifjump_maxz,-0.0437
spec.fb_flatness_db_iqr,0.0429
spec.lb_rolloff85_hz_med,0.0424
spec.lb_flatness_db_med,0.0389
bg.candidates_per_10s,0.0337
lpc.res_acf_peak_iqr,-0.0327
spec.band_6000_7000_db_med,-0.0321
lpc.res_kurtosis_med,-0.0268
spec.fb_spread_hz_p90,-0.0203
lpc.res_acf_peak_med,-0.0189
pros.hnr_db,0.0157
pros.voiced_per_active,-0.0135
spec.band_250_500_db_iqr,0.0122
spec.band_2000_3000_db_med,0.0098
spec.fb_flux_p10,0.0076
phase.ifjump_hz_med,-0.0065
spec.band_5000_6000_db_med,-0.0055
spec.fb_spread_hz_p10,-0.0050
pros.shimmer_local,0.0043
