system,set,view,n,n_fake,auc,eer,min_dcf,final_min_dcf,min_dcf_lo,min_dcf_hi,eer_lo,eer_hi,delta_lo,delta_hi,delta,p_not_worse
zero-shot/XLS-R-2B,val,clean,2499,666,0.99511,0.01515,0.03338,0.00000,0.01793,0.05030,0.00757,0.02272,0.01793,0.05030,0.03338,0.00000
zero-shot/XLS-R-2B,val,aug,2499,666,0.93536,0.12635,0.33041,0.02987,0.28516,0.37520,0.10908,0.15010,0.25865,0.34750,0.30054,0.00000
zero-shot/XLS-R-2B,holdout,clean,2502,1227,0.99599,0.01958,0.04557,0.00000,0.03142,0.05944,0.01320,0.02678,0.03142,0.05944,0.04557,0.00000
zero-shot/XLS-R-2B,holdout,aug,2502,1227,0.93608,0.13110,0.35396,0.07326,0.31057,0.38249,0.11750,0.14509,0.24342,0.31188,0.28070,0.00000
zero-shot/XLS-R-2B,itw,clean,2500,1250,0.99788,0.01440,0.03771,0.02811,0.02389,0.04903,0.00960,0.01960,-0.00377,0.02137,0.00960,0.08600
zero-shot/XLS-R-2B,itw,aug,2500,1250,0.97845,0.07080,0.18869,0.08240,0.16160,0.21203,0.06120,0.08200,0.08043,0.13258,0.10629,0.00000
zero-shot/XLS-R-1B,val,clean,2499,666,0.99545,0.01801,0.04132,0.00000,0.02298,0.05459,0.00941,0.02272,0.02298,0.05459,0.04132,0.00000
zero-shot/XLS-R-1B,val,aug,2499,666,0.92901,0.14409,0.36591,0.02987,0.31041,0.40711,0.12423,0.16470,0.28495,0.37981,0.33604,0.00000
zero-shot/XLS-R-1B,holdout,clean,2502,1227,0.99649,0.01798,0.04407,0.00000,0.02880,0.05760,0.01159,0.02278,0.02880,0.05760,0.04407,0.00000
zero-shot/XLS-R-1B,holdout,aug,2502,1227,0.93883,0.13389,0.34707,0.07326,0.30770,0.37935,0.11948,0.14789,0.23927,0.30757,0.27381,0.00000
zero-shot/XLS-R-1B,itw,clean,2500,1250,0.99646,0.02080,0.05017,0.02811,0.03486,0.06549,0.01440,0.02760,0.00891,0.03486,0.02206,0.00000
zero-shot/XLS-R-1B,itw,aug,2500,1250,0.96460,0.09480,0.25417,0.08240,0.21874,0.28206,0.08320,0.10920,0.14011,0.20138,0.17177,0.00000
zero-shot/MMS-1B,val,clean,2499,666,0.99124,0.02429,0.06106,0.00000,0.03812,0.08095,0.01542,0.03445,0.03812,0.08095,0.06106,0.00000
zero-shot/MMS-1B,val,aug,2499,666,0.95226,0.12034,0.31655,0.02987,0.26920,0.35212,0.10465,0.13966,0.24383,0.32163,0.28669,0.00000
zero-shot/MMS-1B,holdout,clean,2502,1227,0.99499,0.02278,0.05569,0.00000,0.03858,0.06787,0.01598,0.02838,0.03858,0.06787,0.05569,0.00000
zero-shot/MMS-1B,holdout,aug,2502,1227,0.95932,0.11071,0.28883,0.07326,0.25300,0.31935,0.09911,0.12349,0.18669,0.24635,0.21557,0.00000
zero-shot/MMS-1B,itw,clean,2500,1250,0.99741,0.02640,0.06503,0.02811,0.04754,0.07829,0.01920,0.03281,0.01965,0.04835,0.03691,0.00000
zero-shot/MMS-1B,itw,aug,2500,1250,0.96941,0.10080,0.26571,0.08240,0.23325,0.29406,0.09079,0.11360,0.15463,0.21292,0.18331,0.00000
zero-shot/MMS-300M,val,clean,2499,666,0.99337,0.03316,0.07992,0.00000,0.05768,0.10053,0.02401,0.04073,0.05768,0.10053,0.07992,0.00000
zero-shot/MMS-300M,val,aug,2499,666,0.93749,0.14095,0.37717,0.02987,0.32882,0.41874,0.12635,0.15815,0.30206,0.38862,0.34730,0.00000
zero-shot/MMS-300M,holdout,clean,2502,1227,0.99714,0.02038,0.05471,0.00000,0.03951,0.06998,0.01559,0.02717,0.03951,0.06998,0.05471,0.00000
zero-shot/MMS-300M,holdout,aug,2502,1227,0.93464,0.14508,0.38945,0.07326,0.34496,0.41939,0.13107,0.15987,0.27696,0.34820,0.31619,0.00000
zero-shot/MMS-300M,itw,clean,2500,1250,0.99336,0.03840,0.09657,0.02811,0.07737,0.11269,0.03239,0.04640,0.05108,0.08401,0.06846,0.00000
zero-shot/MMS-300M,itw,aug,2500,1250,0.95346,0.11840,0.31657,0.08240,0.28044,0.34514,0.10719,0.13240,0.20080,0.26435,0.23417,0.00000
zero-shot/W2V-Large,val,clean,2499,666,0.98733,0.04960,0.11333,0.00000,0.08134,0.14096,0.03418,0.06216,0.08134,0.14096,0.11333,0.00000
zero-shot/W2V-Large,val,aug,2499,666,0.91942,0.14934,0.40134,0.02987,0.35009,0.44435,0.13152,0.17096,0.32224,0.41513,0.37148,0.00000
zero-shot/W2V-Large,holdout,clean,2502,1227,0.98566,0.04996,0.13047,0.00000,0.10466,0.14957,0.04116,0.05917,0.10466,0.14957,0.13047,0.00000
zero-shot/W2V-Large,holdout,aug,2502,1227,0.91711,0.16508,0.44578,0.07326,0.39926,0.47568,0.15148,0.18066,0.33239,0.40401,0.37252,0.00000
zero-shot/W2V-Large,itw,clean,2500,1250,0.99563,0.02560,0.06400,0.02811,0.04583,0.07977,0.01840,0.03321,0.01885,0.05211,0.03589,0.00000
zero-shot/W2V-Large,itw,aug,2500,1250,0.95533,0.11840,0.31063,0.08240,0.27063,0.33703,0.10440,0.12961,0.19189,0.25737,0.22823,0.00000
zero-shot/HuBERT-XL,val,clean,2499,666,0.97834,0.04803,0.11728,0.00000,0.08623,0.14482,0.03417,0.06188,0.08623,0.14482,0.11728,0.00000
zero-shot/HuBERT-XL,val,aug,2499,666,0.90851,0.17936,0.44334,0.02987,0.38394,0.49194,0.15609,0.20078,0.35906,0.46344,0.41347,0.00000
zero-shot/HuBERT-XL,holdout,clean,2502,1227,0.98593,0.04636,0.11861,0.00000,0.09583,0.13876,0.03756,0.05437,0.09583,0.13876,0.11861,0.00000
zero-shot/HuBERT-XL,holdout,aug,2502,1227,0.90684,0.17705,0.47095,0.07326,0.42519,0.50603,0.16267,0.19264,0.35813,0.43542,0.39769,0.00000
zero-shot/HuBERT-XL,itw,clean,2500,1250,0.97821,0.08960,0.20846,0.02811,0.18240,0.23337,0.07800,0.10040,0.15348,0.20561,0.18034,0.00000
zero-shot/HuBERT-XL,itw,aug,2500,1250,0.91238,0.17760,0.44983,0.08240,0.40638,0.48343,0.16200,0.19321,0.32468,0.40276,0.36743,0.00000
fine-tuned/XLS-R-2B,val,clean,2499,666,1.00000,0.00000,0.00000,0.00000,0.00000,0.00000,0.00000,0.00000,0.00000,0.00000,0.00000,1.00000
fine-tuned/XLS-R-2B,val,aug,2499,666,0.99915,0.01515,0.03812,0.02987,0.02214,0.04748,0.00941,0.02115,-0.00594,0.01964,0.00825,0.12300
fine-tuned/XLS-R-2B,holdout,clean,2502,1227,1.00000,0.00080,0.00140,0.00000,0.00000,0.00392,0.00000,0.00279,0.00000,0.00392,0.00140,0.36500
fine-tuned/XLS-R-2B,holdout,aug,2502,1227,0.99717,0.02797,0.06914,0.07326,0.05117,0.08146,0.02237,0.03558,-0.01630,0.01017,-0.00412,0.70100
fine-tuned/XLS-R-2B,itw,clean,2500,1250,0.99767,0.02320,0.05989,0.02811,0.04297,0.07132,0.01760,0.02961,0.01600,0.04286,0.03177,0.00000
fine-tuned/XLS-R-2B,itw,aug,2500,1250,0.98773,0.06000,0.15280,0.08240,0.12662,0.17086,0.05040,0.06880,0.04720,0.08892,0.07040,0.00000
fine-tuned/XLS-R-1B,val,clean,2499,666,1.00000,0.00000,0.00000,0.00000,0.00000,0.00000,0.00000,0.00000,0.00000,0.00000,0.00000,1.00000
fine-tuned/XLS-R-1B,val,aug,2499,666,0.99861,0.01801,0.04678,0.02987,0.02829,0.05847,0.01201,0.02531,0.00375,0.02861,0.01691,0.00800
fine-tuned/XLS-R-1B,holdout,clean,2502,1227,1.00000,0.00080,0.00157,0.00000,0.00000,0.00314,0.00000,0.00240,0.00000,0.00314,0.00157,0.28400
fine-tuned/XLS-R-1B,holdout,aug,2502,1227,0.99585,0.03517,0.08686,0.07326,0.06716,0.10153,0.02838,0.04197,0.00083,0.02718,0.01360,0.02200
fine-tuned/XLS-R-1B,itw,clean,2500,1250,0.99346,0.03680,0.09291,0.02811,0.07200,0.11166,0.02880,0.04440,0.04388,0.08218,0.06480,0.00000
fine-tuned/XLS-R-1B,itw,aug,2500,1250,0.97774,0.07920,0.20640,0.08240,0.17371,0.22675,0.06920,0.09080,0.09439,0.14618,0.12400,0.00000
fine-tuned/MMS-1B,val,clean,2499,666,1.00000,0.00130,0.00109,0.00000,0.00000,0.00257,0.00000,0.00232,0.00000,0.00257,0.00109,0.45200
fine-tuned/MMS-1B,val,aug,2499,666,0.99885,0.01931,0.04998,0.02987,0.03103,0.06138,0.01358,0.02558,0.00382,0.03571,0.02012,0.01000
fine-tuned/MMS-1B,holdout,clean,2502,1227,1.00000,0.00080,0.00157,0.00000,0.00000,0.00314,0.00000,0.00240,0.00000,0.00314,0.00157,0.25200
fine-tuned/MMS-1B,holdout,aug,2502,1227,0.99567,0.03597,0.09187,0.07326,0.07216,0.10670,0.02918,0.04436,0.00412,0.03596,0.01860,0.01100
fine-tuned/MMS-1B,itw,clean,2500,1250,0.99306,0.04560,0.11143,0.02811,0.09016,0.12835,0.03760,0.05440,0.06171,0.10229,0.08331,0.00000
fine-tuned/MMS-1B,itw,aug,2500,1250,0.97592,0.09040,0.22309,0.08240,0.19209,0.24949,0.07839,0.10161,0.11028,0.16709,0.14069,0.00000
fine-tuned/MMS-300M,val,clean,2499,666,1.00000,0.00000,0.00000,0.00000,0.00000,0.00000,0.00000,0.00000,0.00000,0.00000,0.00000,1.00000
fine-tuned/MMS-300M,val,aug,2499,666,0.99807,0.02401,0.05701,0.02987,0.03626,0.07298,0.01487,0.03159,0.00842,0.04484,0.02714,0.00100
fine-tuned/MMS-300M,holdout,clean,2502,1227,0.99998,0.00240,0.00235,0.00000,0.00000,0.00549,0.00000,0.00480,0.00000,0.00549,0.00235,0.06000
fine-tuned/MMS-300M,holdout,aug,2502,1227,0.99368,0.04556,0.09829,0.07326,0.07885,0.11592,0.03677,0.05315,0.01070,0.04576,0.02502,0.00000
fine-tuned/MMS-300M,itw,clean,2500,1250,0.99118,0.04800,0.12274,0.02811,0.10034,0.14298,0.04000,0.05760,0.07166,0.11497,0.09463,0.00000
fine-tuned/MMS-300M,itw,aug,2500,1250,0.96955,0.09480,0.24971,0.08240,0.21406,0.27475,0.08239,0.10640,0.13645,0.19189,0.16731,0.00000
fine-tuned/W2V-Large,val,clean,2499,666,1.00000,0.00027,0.00055,0.00000,0.00000,0.00164,0.00000,0.00232,0.00000,0.00164,0.00055,0.46700
fine-tuned/W2V-Large,val,aug,2499,666,0.99601,0.03445,0.08912,0.02987,0.06425,0.10817,0.02558,0.04333,0.03953,0.07720,0.05926,0.00000
fine-tuned/W2V-Large,holdout,clean,2502,1227,0.99996,0.00240,0.00576,0.00000,0.00140,0.01074,0.00080,0.00521,0.00140,0.01074,0.00576,0.00700
fine-tuned/W2V-Large,holdout,aug,2502,1227,0.99051,0.05676,0.14527,0.07326,0.12012,0.16841,0.04716,0.06474,0.05253,0.09464,0.07201,0.00000
fine-tuned/W2V-Large,itw,clean,2500,1250,0.99398,0.03760,0.09760,0.02811,0.07589,0.11680,0.02960,0.04521,0.05017,0.08698,0.06949,0.00000
fine-tuned/W2V-Large,itw,aug,2500,1250,0.97709,0.08240,0.21657,0.08240,0.18514,0.24172,0.07159,0.09320,0.10525,0.16115,0.13417,0.00000
D6-R 3 vocoders/XLS-R-2B,val,clean,2499,666,1.00000,0.00000,0.00000,0.00000,0.00000,0.00000,0.00000,0.00000,0.00000,0.00000,0.00000,1.00000
D6-R 3 vocoders/XLS-R-2B,val,aug,2499,666,0.99891,0.01515,0.03541,0.02987,0.01995,0.04858,0.00785,0.02115,-0.00436,0.01748,0.00554,0.10900
D6-R 3 vocoders/XLS-R-2B,holdout,clean,2502,1227,1.00000,0.00000,0.00000,0.00000,0.00000,0.00000,0.00000,0.00000,0.00000,0.00000,0.00000,1.00000
D6-R 3 vocoders/XLS-R-2B,holdout,aug,2502,1227,0.99698,0.02998,0.07378,0.07326,0.05632,0.08862,0.02358,0.03757,-0.01196,0.01643,0.00051,0.39400
D6-R 3 vocoders/XLS-R-2B,itw,clean,2500,1250,0.99899,0.01680,0.04149,0.02811,0.02731,0.05224,0.01120,0.02160,0.00137,0.02274,0.01337,0.01300
D6-R 3 vocoders/XLS-R-2B,itw,aug,2500,1250,0.99383,0.03840,0.10286,0.08240,0.08286,0.11966,0.03200,0.04600,0.00285,0.03783,0.02046,0.01400
D6-R 3 vocoders/XLS-R-1B,val,clean,2499,666,1.00000,0.00000,0.00000,0.00000,0.00000,0.00000,0.00000,0.00000,0.00000,0.00000,0.00000,1.00000
D6-R 3 vocoders/XLS-R-1B,val,aug,2499,666,0.99952,0.01173,0.02448,0.02987,0.01294,0.03462,0.00709,0.01617,-0.01545,0.00625,-0.00539,0.81400
D6-R 3 vocoders/XLS-R-1B,holdout,clean,2502,1227,1.00000,0.00000,0.00000,0.00000,0.00000,0.00000,0.00000,0.00000,0.00000,0.00000,0.00000,1.00000
D6-R 3 vocoders/XLS-R-1B,holdout,aug,2502,1227,0.99709,0.02838,0.07461,0.07326,0.05446,0.08646,0.02198,0.03519,-0.01201,0.01442,0.00135,0.44600
D6-R 3 vocoders/XLS-R-1B,itw,clean,2500,1250,0.99851,0.01920,0.04217,0.02811,0.02765,0.05555,0.01280,0.02440,0.00468,0.02377,0.01406,0.00200
D6-R 3 vocoders/XLS-R-1B,itw,aug,2500,1250,0.99015,0.05200,0.13886,0.08240,0.11222,0.15806,0.04360,0.06160,0.03417,0.07396,0.05646,0.00000
D6-R/XLS-R-2B,val,clean,2499,666,1.00000,0.00157,0.00164,0.00000,0.00000,0.00273,0.00000,0.00314,0.00000,0.00273,0.00164,0.42400
D6-R/XLS-R-2B,val,aug,2499,666,0.99867,0.01358,0.03680,0.02987,0.02363,0.05373,0.01044,0.02272,-0.00133,0.02207,0.00694,0.04200
D6-R/XLS-R-2B,holdout,clean,2502,1227,1.00000,0.00080,0.00140,0.00000,0.00000,0.00279,0.00000,0.00238,0.00000,0.00279,0.00140,0.43900
D6-R/XLS-R-2B,holdout,aug,2502,1227,0.99638,0.03677,0.08922,0.07326,0.06954,0.10309,0.02917,0.04477,0.00431,0.02834,0.01596,0.00500
D6-R/XLS-R-2B,itw,clean,2500,1250,0.99904,0.01520,0.04046,0.02811,0.02594,0.05051,0.01000,0.02040,0.00126,0.02011,0.01234,0.01300
D6-R/XLS-R-2B,itw,aug,2500,1250,0.99436,0.03920,0.10411,0.08240,0.08125,0.11909,0.03159,0.04720,0.00400,0.03681,0.02171,0.01100
D6-R/XLS-R-1B,val,clean,2499,666,1.00000,0.00000,0.00000,0.00000,0.00000,0.00000,0.00000,0.00000,0.00000,0.00000,0.00000,1.00000
D6-R/XLS-R-1B,val,aug,2499,666,0.99933,0.01515,0.03360,0.02987,0.01941,0.04608,0.00887,0.02060,-0.00391,0.01201,0.00373,0.15000
D6-R/XLS-R-1B,holdout,clean,2502,1227,1.00000,0.00000,0.00000,0.00000,0.00000,0.00000,0.00000,0.00000,0.00000,0.00000,0.00000,1.00000
D6-R/XLS-R-1B,holdout,aug,2502,1227,0.99677,0.03517,0.07167,0.07326,0.05615,0.08579,0.02756,0.04157,-0.01101,0.01282,-0.00159,0.47000
D6-R/XLS-R-1B,itw,clean,2500,1250,0.99877,0.01560,0.03966,0.02811,0.02480,0.05121,0.01040,0.02240,0.00285,0.01875,0.01154,0.00400
D6-R/XLS-R-1B,itw,aug,2500,1250,0.99120,0.05440,0.13954,0.08240,0.11302,0.15509,0.04560,0.06400,0.03440,0.07178,0.05714,0.00000
D6-R/XLS-R-1B seed 1,val,clean,2499,666,1.00000,0.00000,0.00000,0.00000,0.00000,0.00000,0.00000,0.00000,0.00000,0.00000,0.00000,1.00000
D6-R/XLS-R-1B seed 1,val,aug,2499,666,0.99928,0.01228,0.03166,0.02987,0.01659,0.04249,0.00757,0.01828,-0.00825,0.01293,0.00179,0.36400
D6-R/XLS-R-1B seed 1,holdout,clean,2502,1227,1.00000,0.00000,0.00000,0.00000,0.00000,0.00000,0.00000,0.00000,0.00000,0.00000,0.00000,1.00000
D6-R/XLS-R-1B seed 1,holdout,aug,2502,1227,0.99690,0.03117,0.07177,0.07326,0.05356,0.08469,0.02278,0.03757,-0.01371,0.01201,-0.00150,0.53200
D6-R/XLS-R-1B seed 1,itw,clean,2500,1250,0.99851,0.01920,0.04229,0.02811,0.02834,0.05567,0.01240,0.02520,0.00491,0.02389,0.01417,0.00100
D6-R/XLS-R-1B seed 1,itw,aug,2500,1250,0.99102,0.05040,0.12754,0.08240,0.10365,0.14767,0.04159,0.05840,0.02731,0.06400,0.04514,0.00000
D6-R/MMS-1B,val,clean,2499,666,1.00000,0.00000,0.00000,0.00000,0.00000,0.00000,0.00000,0.00000,0.00000,0.00000,0.00000,1.00000
D6-R/MMS-1B,val,aug,2499,666,0.99904,0.01958,0.03773,0.02987,0.02510,0.04794,0.01255,0.02429,-0.00327,0.02003,0.00786,0.07100
D6-R/MMS-1B,holdout,clean,2502,1227,1.00000,0.00000,0.00000,0.00000,0.00000,0.00000,0.00000,0.00000,0.00000,0.00000,0.00000,1.00000
D6-R/MMS-1B,holdout,aug,2502,1227,0.99551,0.03757,0.09334,0.07326,0.07319,0.10922,0.02998,0.04556,0.00752,0.03569,0.02007,0.00100
D6-R/MMS-1B,itw,clean,2500,1250,0.99860,0.01760,0.04171,0.02811,0.02914,0.05555,0.01240,0.02320,0.00377,0.02435,0.01360,0.00400
D6-R/MMS-1B,itw,aug,2500,1250,0.98991,0.06000,0.15131,0.08240,0.12491,0.16812,0.04880,0.06800,0.04754,0.08389,0.06891,0.00000
WiSE-FT/XLS-R-2B a=0.3,val,clean,2499,666,1.00000,0.00027,0.00055,0.00000,0.00000,0.00164,0.00000,0.00184,0.00000,0.00164,0.00055,0.50000
WiSE-FT/XLS-R-2B a=0.3,val,aug,2499,666,0.99671,0.03159,0.07056,0.02987,0.05105,0.08859,0.02326,0.03786,0.02430,0.05956,0.04069,0.00000
WiSE-FT/XLS-R-2B a=0.3,holdout,clean,2502,1227,1.00000,0.00080,0.00140,0.00000,0.00000,0.00279,0.00000,0.00238,0.00000,0.00279,0.00140,0.42800
WiSE-FT/XLS-R-2B a=0.3,holdout,aug,2502,1227,0.99380,0.04556,0.11138,0.07326,0.08882,0.12689,0.03757,0.05397,0.02149,0.05535,0.03811,0.00000
WiSE-FT/XLS-R-2B a=0.3,itw,clean,2500,1250,0.99906,0.01440,0.03566,0.02811,0.02217,0.04652,0.00920,0.01920,-0.00480,0.01817,0.00754,0.13500
WiSE-FT/XLS-R-2B a=0.3,itw,aug,2500,1250,0.99218,0.04560,0.12377,0.08240,0.10000,0.14276,0.03800,0.05560,0.01989,0.06023,0.04137,0.00000
WiSE-FT/XLS-R-2B a=0.5,val,clean,2499,666,1.00000,0.00000,0.00000,0.00000,0.00000,0.00000,0.00000,0.00000,0.00000,0.00000,0.00000,1.00000
WiSE-FT/XLS-R-2B a=0.5,val,aug,2499,666,0.99857,0.01801,0.04593,0.02987,0.02837,0.06138,0.01173,0.02456,0.00211,0.03011,0.01606,0.00600
WiSE-FT/XLS-R-2B a=0.5,holdout,clean,2502,1227,1.00000,0.00119,0.00140,0.00000,0.00000,0.00392,0.00000,0.00279,0.00000,0.00392,0.00140,0.36500
WiSE-FT/XLS-R-2B a=0.5,holdout,aug,2502,1227,0.99650,0.03277,0.07824,0.07326,0.06088,0.09341,0.02678,0.04036,-0.00667,0.02221,0.00498,0.17400
WiSE-FT/XLS-R-2B a=0.5,itw,clean,2500,1250,0.99869,0.01840,0.04137,0.02811,0.02743,0.05212,0.01240,0.02320,-0.00046,0.02491,0.01326,0.03200
WiSE-FT/XLS-R-2B a=0.5,itw,aug,2500,1250,0.99135,0.04960,0.12994,0.08240,0.10628,0.14801,0.04080,0.05960,0.02720,0.06515,0.04754,0.00000
WiSE-FT/XLS-R-2B a=0.7,val,clean,2499,666,1.00000,0.00027,0.00055,0.00000,0.00000,0.00164,0.00000,0.00185,0.00000,0.00164,0.00055,0.60100
WiSE-FT/XLS-R-2B a=0.7,val,aug,2499,666,0.99906,0.01515,0.03829,0.02987,0.02324,0.04968,0.00969,0.02245,-0.00353,0.02082,0.00842,0.09000
WiSE-FT/XLS-R-2B a=0.7,holdout,clean,2502,1227,1.00000,0.00080,0.00140,0.00000,0.00000,0.00392,0.00000,0.00279,0.00000,0.00392,0.00140,0.36500
WiSE-FT/XLS-R-2B a=0.7,holdout,aug,2502,1227,0.99700,0.03078,0.06941,0.07326,0.05250,0.08442,0.02358,0.03718,-0.01542,0.01213,-0.00385,0.62500
WiSE-FT/XLS-R-2B a=0.7,itw,clean,2500,1250,0.99815,0.02160,0.05303,0.02811,0.03680,0.06343,0.01520,0.02720,0.00903,0.03611,0.02491,0.00000
WiSE-FT/XLS-R-2B a=0.7,itw,aug,2500,1250,0.98945,0.05520,0.14137,0.08240,0.11669,0.16046,0.04639,0.06401,0.03829,0.07806,0.05897,0.00000
WiSE-FT/XLS-R-1B a=0.3,val,clean,2499,666,1.00000,0.00157,0.00257,0.00000,0.00000,0.00436,0.00000,0.00416,0.00000,0.00436,0.00257,0.34100
WiSE-FT/XLS-R-1B a=0.3,val,aug,2499,666,0.99666,0.02688,0.06971,0.02987,0.04802,0.08530,0.01958,0.03445,0.02244,0.05442,0.03984,0.00000
WiSE-FT/XLS-R-1B a=0.3,holdout,clean,2502,1227,0.99999,0.00240,0.00314,0.00000,0.00000,0.00549,0.00000,0.00400,0.00000,0.00549,0.00314,0.04100
WiSE-FT/XLS-R-1B a=0.3,holdout,aug,2502,1227,0.99317,0.04796,0.11292,0.07326,0.09153,0.13089,0.04035,0.05675,0.02612,0.05738,0.03966,0.00000
WiSE-FT/XLS-R-1B a=0.3,itw,clean,2500,1250,0.99821,0.02160,0.05474,0.02811,0.03931,0.06674,0.01640,0.02840,0.01097,0.03691,0.02663,0.00000
WiSE-FT/XLS-R-1B a=0.3,itw,aug,2500,1250,0.98606,0.06640,0.16743,0.08240,0.14148,0.18903,0.05639,0.07561,0.06239,0.10687,0.08503,0.00000
WiSE-FT/XLS-R-1B a=0.5,val,clean,2499,666,1.00000,0.00027,0.00055,0.00000,0.00000,0.00164,0.00000,0.00184,0.00000,0.00164,0.00055,0.58200
WiSE-FT/XLS-R-1B a=0.5,val,aug,2499,666,0.99825,0.02088,0.05060,0.02987,0.03360,0.06495,0.01515,0.02790,0.00929,0.03398,0.02073,0.00000
WiSE-FT/XLS-R-1B a=0.5,holdout,clean,2502,1227,1.00000,0.00160,0.00157,0.00000,0.00000,0.00392,0.00000,0.00320,0.00000,0.00392,0.00157,0.17200
WiSE-FT/XLS-R-1B a=0.5,holdout,aug,2502,1227,0.99516,0.03917,0.09821,0.07326,0.07526,0.11066,0.03197,0.04716,0.01010,0.03680,0.02495,0.00000
WiSE-FT/XLS-R-1B a=0.5,itw,clean,2500,1250,0.99650,0.02880,0.06743,0.02811,0.05040,0.08321,0.02240,0.03560,0.02297,0.05440,0.03931,0.00000
WiSE-FT/XLS-R-1B a=0.5,itw,aug,2500,1250,0.98319,0.07520,0.17463,0.08240,0.14845,0.19601,0.06480,0.08561,0.06891,0.11520,0.09223,0.00000
ensemble/v1 interim,val,clean,2499,666,1.00000,0.00000,0.00000,0.00000,0.00000,0.00000,0.00000,0.00000,0.00000,0.00000,0.00000,1.00000
ensemble/v1 interim,val,aug,2499,666,0.99936,0.01358,0.03266,0.02987,0.01824,0.04251,0.00785,0.02006,-0.00655,0.01154,0.00280,0.25500
ensemble/v1 interim,holdout,clean,2502,1227,1.00000,0.00000,0.00000,0.00000,0.00000,0.00000,0.00000,0.00000,0.00000,0.00000,0.00000,1.00000
ensemble/v1 interim,holdout,aug,2502,1227,0.99742,0.02598,0.06789,0.07326,0.05088,0.08204,0.01999,0.03357,-0.01581,0.00730,-0.00537,0.76400
ensemble/v1 interim,itw,clean,2500,1250,0.99939,0.01120,0.02766,0.02811,0.01657,0.03897,0.00720,0.01640,-0.00880,0.00823,-0.00046,0.53200
ensemble/v1 interim,itw,aug,2500,1250,0.99557,0.03680,0.09520,0.08240,0.07600,0.11178,0.02960,0.04440,-0.00332,0.02880,0.01280,0.06200
ensemble/v2 FINAL,val,clean,2499,666,1.00000,0.00000,0.00000,0.00000,0.00000,0.00000,0.00000,0.00000,0.00000,0.00000,0.00000,1.00000
ensemble/v2 FINAL,val,aug,2499,666,0.99955,0.01201,0.02987,0.02987,0.01512,0.04116,0.00628,0.01828,0.00000,0.00000,0.00000,1.00000
ensemble/v2 FINAL,holdout,clean,2502,1227,1.00000,0.00000,0.00000,0.00000,0.00000,0.00000,0.00000,0.00000,0.00000,0.00000,0.00000,1.00000
ensemble/v2 FINAL,holdout,aug,2502,1227,0.99740,0.02998,0.07326,0.07326,0.05546,0.08513,0.02358,0.03678,0.00000,0.00000,0.00000,1.00000
ensemble/v2 FINAL,itw,clean,2500,1250,0.99941,0.01200,0.02811,0.02811,0.01714,0.03989,0.00720,0.01760,0.00000,0.00000,0.00000,1.00000
ensemble/v2 FINAL,itw,aug,2500,1250,0.99613,0.03600,0.08240,0.08240,0.06423,0.09738,0.02800,0.04320,0.00000,0.00000,0.00000,1.00000
concepts/cobweb P(fake),val,clean,416,106,1.00000,0.00000,0.00000,0.00000,0.00000,0.00000,0.00000,0.00000,0.00000,0.00000,0.00000,1.00000
concepts/cobweb P(fake),val,aug,413,107,0.99731,0.01752,0.01634,0.00654,0.00327,0.03237,0.00163,0.02872,-0.00327,0.02910,0.00980,0.09200
concepts/cobweb P(fake),holdout,clean,320,164,1.00000,0.00000,0.00000,0.00000,0.00000,0.00000,0.00000,0.00000,0.00000,0.00000,0.00000,1.00000
concepts/cobweb P(fake),holdout,aug,285,146,0.98537,0.04915,0.10907,0.05755,0.04502,0.16250,0.02107,0.07022,0.00719,0.10230,0.05151,0.01300
concepts/cobweb P(fake),itw,clean,641,322,0.99261,0.02808,0.06986,0.01378,0.03383,0.09902,0.01560,0.04213,0.02443,0.08585,0.05608,0.00000
concepts/cobweb P(fake),itw,aug,655,323,0.97626,0.05953,0.14903,0.10184,0.09912,0.19379,0.03970,0.07940,0.00286,0.10314,0.04719,0.01900
concepts/TTCG P(fake),val,clean,416,106,1.00000,0.00000,0.00000,0.00000,0.00000,0.00000,0.00000,0.00000,0.00000,0.00000,0.00000,1.00000
concepts/TTCG P(fake),val,aug,413,107,0.98945,0.01121,0.02909,0.00654,0.00327,0.07132,0.00163,0.03667,0.00327,0.06409,0.02256,0.00800
concepts/TTCG P(fake),holdout,clean,320,164,1.00000,0.00000,0.00000,0.00000,0.00000,0.00000,0.00000,0.00000,0.00000,0.00000,0.00000,1.00000
concepts/TTCG P(fake),holdout,aug,285,146,0.97263,0.04213,0.10642,0.05755,0.04697,0.16058,0.02107,0.07022,0.01174,0.10832,0.04887,0.00200
concepts/TTCG P(fake),itw,clean,641,322,0.99337,0.02184,0.04324,0.01378,0.01881,0.06986,0.00936,0.03432,0.01252,0.05170,0.02946,0.00000
concepts/TTCG P(fake),itw,aug,655,323,0.98300,0.04581,0.11188,0.10184,0.06957,0.14588,0.03046,0.06259,-0.02252,0.05522,0.01004,0.22700
"concepts/TTCG P(fake), closed-form basic naming",val,clean,416,106,1.00000,0.00000,0.00000,0.00000,0.00000,0.00000,0.00000,0.00000,0.00000,0.00000,0.00000,1.00000
"concepts/TTCG P(fake), closed-form basic naming",val,aug,413,107,0.98198,0.01915,0.05165,0.00654,0.00980,0.10594,0.00791,0.04624,0.00980,0.09652,0.04511,0.00100
"concepts/TTCG P(fake), closed-form basic naming",holdout,clean,320,164,1.00000,0.00000,0.00000,0.00000,0.00000,0.00000,0.00000,0.00000,0.00000,0.00000,0.00000,1.00000
"concepts/TTCG P(fake), closed-form basic naming",holdout,aug,285,146,0.96740,0.04213,0.11362,0.05755,0.05226,0.17424,0.02107,0.06687,0.01814,0.11742,0.05606,0.00100
"concepts/TTCG P(fake), closed-form basic naming",itw,clean,641,322,0.98404,0.01872,0.04010,0.01378,0.01692,0.06769,0.00781,0.03432,0.00940,0.04951,0.02632,0.00000
"concepts/TTCG P(fake), closed-form basic naming",itw,aug,655,323,0.96875,0.04276,0.11576,0.10184,0.07172,0.14731,0.03054,0.06259,-0.02354,0.05967,0.01392,0.22800
concepts/cobweb + TTCG (LR),holdout,clean,320,164,1.00000,0.00000,0.00000,0.00000,0.00000,0.00000,0.00000,0.00000,0.00000,0.00000,0.00000,1.00000
concepts/cobweb + TTCG (LR),holdout,aug,285,146,0.98527,0.04915,0.11097,0.05755,0.04697,0.16058,0.02107,0.07030,0.01174,0.10377,0.05341,0.00400
concepts/cobweb + TTCG (LR),itw,clean,641,322,0.99674,0.02184,0.05921,0.01378,0.02632,0.08057,0.01248,0.03744,0.01473,0.06518,0.04543,0.00100
concepts/cobweb + TTCG (LR),itw,aug,655,323,0.98532,0.05953,0.14960,0.10184,0.09953,0.17959,0.03970,0.07786,0.00056,0.09210,0.04777,0.02400
concepts/FINAL + cobweb + TTCG (LR),holdout,clean,320,164,1.00000,0.00000,0.00000,0.00000,0.00000,0.00000,0.00000,0.00000,0.00000,0.00000,0.00000,1.00000
concepts/FINAL + cobweb + TTCG (LR),holdout,aug,285,146,0.99522,0.04213,0.06930,0.05755,0.02348,0.11363,0.01404,0.06320,-0.01104,0.05036,0.01174,0.15500
concepts/FINAL + cobweb + TTCG (LR),itw,clean,641,322,0.99891,0.01872,0.02946,0.01378,0.00940,0.05045,0.00624,0.02812,0.00187,0.03230,0.01567,0.01800
concepts/FINAL + cobweb + TTCG (LR),itw,aug,655,323,0.99279,0.04581,0.09510,0.10184,0.05881,0.12594,0.02899,0.06255,-0.03256,0.02940,-0.00674,0.51800
DSP/D0,val,clean,393,263,0.99699,0.01530,0.04146,0.00000,0.01304,0.07459,0.00765,0.04014,0.01304,0.07459,0.04146,0.00300
DSP/D0,holdout,clean,757,514,0.91446,0.10700,0.29043,0.00000,0.23258,0.34459,0.09001,0.13805,0.23258,0.34459,0.29043,0.00000
DSP/D0,itw,clean,2500,1250,0.26633,0.66240,1.00000,0.02811,1.00000,1.00000,0.64400,0.68240,0.96126,0.98309,0.97189,0.00000
metadata/M0 technical fields,val,clean,2499,666,0.85291,0.25242,0.63560,0.00000,0.57937,0.66821,0.23154,0.26989,0.57937,0.66821,0.63560,0.00000
metadata/M0 technical fields,holdout,clean,2502,1227,0.92220,0.17784,0.47011,0.00000,0.42638,0.49449,0.16310,0.19504,0.42638,0.49449,0.47011,0.00000
metadata/M1 tags,val,clean,2499,666,0.85435,0.24874,0.63413,0.00000,0.57797,0.66988,0.22997,0.26709,0.57797,0.66988,0.63413,0.00000
metadata/M1 tags,holdout,clean,2502,1227,0.92164,0.17906,0.47148,0.00000,0.42792,0.49517,0.16508,0.19705,0.42792,0.49517,0.47148,0.00000
metadata/X0 cross-checks,val,clean,2499,666,0.96946,0.09292,0.23769,0.00000,0.19443,0.26658,0.07645,0.10439,0.19443,0.26658,0.23769,0.00000
metadata/X0 cross-checks,holdout,clean,2502,1227,0.98231,0.07075,0.17866,0.00000,0.15187,0.20468,0.05995,0.08033,0.15187,0.20468,0.17866,0.00000
