system,fit,set,view,n,act_dcf,min_dcf,cllr,ece_prior_weighted,flagged
zero-shot/XLS-R-2B,val+itw,holdout,clean,2502,0.04748,0.04557,0.09375,0.01734,0.48681
zero-shot/XLS-R-2B,val+itw,holdout,aug,2502,0.38651,0.35396,0.49316,0.05085,0.40168
zero-shot/XLS-R-2B,val,holdout,clean,2502,0.06088,0.04557,0.11782,0.03102,0.49920
zero-shot/XLS-R-2B,val,holdout,aug,2502,0.36516,0.35396,0.43563,0.03307,0.42526
zero-shot/XLS-R-2B,val,itw,clean,2500,0.07749,0.03771,0.13415,0.04125,0.52680
zero-shot/XLS-R-2B,val,itw,aug,2500,0.20114,0.18869,0.27222,0.03366,0.53000
zero-shot/XLS-R-2B,itw,val,clean,2499,0.03541,0.03338,0.08206,0.01566,0.26731
zero-shot/XLS-R-2B,itw,val,aug,2499,0.37673,0.33041,0.55505,0.06202,0.22249
zero-shot/XLS-R-2B,itw,holdout,clean,2502,0.05160,0.04557,0.08693,0.01095,0.48002
zero-shot/XLS-R-2B,itw,holdout,aug,2502,0.40426,0.35396,0.57166,0.06474,0.38849
zero-shot/XLS-R-1B,val+itw,holdout,clean,2502,0.04887,0.04407,0.09522,0.01962,0.48641
zero-shot/XLS-R-1B,val+itw,holdout,aug,2502,0.37943,0.34707,0.49821,0.05537,0.40807
zero-shot/XLS-R-1B,val,holdout,clean,2502,0.06757,0.04407,0.12519,0.03581,0.51039
zero-shot/XLS-R-1B,val,holdout,aug,2502,0.35428,0.34707,0.42607,0.02482,0.45084
zero-shot/XLS-R-1B,val,itw,clean,2500,0.19840,0.05017,0.21837,0.07677,0.59160
zero-shot/XLS-R-1B,val,itw,aug,2500,0.33840,0.25417,0.37822,0.07117,0.60840
zero-shot/XLS-R-1B,itw,val,clean,2499,0.05312,0.04132,0.09783,0.01562,0.25970
zero-shot/XLS-R-1B,itw,val,aug,2499,0.40622,0.36591,0.64762,0.07571,0.21208
zero-shot/XLS-R-1B,itw,holdout,clean,2502,0.05684,0.04407,0.09204,0.01449,0.47602
zero-shot/XLS-R-1B,itw,holdout,aug,2502,0.42191,0.34707,0.62308,0.07377,0.37970
zero-shot/MMS-1B,val+itw,holdout,clean,2502,0.06339,0.05569,0.11597,0.02408,0.47602
zero-shot/MMS-1B,val+itw,holdout,aug,2502,0.37610,0.28883,0.43820,0.06079,0.41527
zero-shot/MMS-1B,val,holdout,clean,2502,0.06471,0.05569,0.11746,0.02590,0.50560
zero-shot/MMS-1B,val,holdout,aug,2502,0.30584,0.28883,0.36547,0.01966,0.48841
zero-shot/MMS-1B,val,itw,clean,2500,0.23394,0.06503,0.33414,0.10752,0.61480
zero-shot/MMS-1B,val,itw,aug,2500,0.35051,0.26571,0.51842,0.13037,0.64920
zero-shot/MMS-1B,itw,val,clean,2499,0.12261,0.06106,0.17859,0.03645,0.24890
zero-shot/MMS-1B,itw,val,aug,2499,0.45972,0.31655,0.66482,0.09522,0.20328
zero-shot/MMS-1B,itw,holdout,clean,2502,0.11395,0.05569,0.15081,0.03281,0.45843
zero-shot/MMS-1B,itw,holdout,aug,2502,0.46757,0.28883,0.61644,0.09243,0.36851
zero-shot/MMS-300M,val+itw,holdout,clean,2502,0.05863,0.05471,0.11396,0.02296,0.49361
zero-shot/MMS-300M,val+itw,holdout,aug,2502,0.42029,0.38945,0.50420,0.04477,0.43445
zero-shot/MMS-300M,val,holdout,clean,2502,0.07081,0.05471,0.13024,0.02931,0.50759
zero-shot/MMS-300M,val,holdout,aug,2502,0.40556,0.38945,0.47636,0.03430,0.46363
zero-shot/MMS-300M,val,itw,clean,2500,0.14709,0.09657,0.21384,0.05519,0.55400
zero-shot/MMS-300M,val,itw,aug,2500,0.32560,0.31657,0.42208,0.04339,0.54880
zero-shot/MMS-300M,itw,val,clean,2499,0.09280,0.07992,0.14241,0.02212,0.27051
zero-shot/MMS-300M,itw,val,aug,2499,0.42576,0.37717,0.54359,0.05892,0.24930
zero-shot/MMS-300M,itw,holdout,clean,2502,0.05978,0.05471,0.11065,0.02273,0.48641
zero-shot/MMS-300M,itw,holdout,aug,2502,0.43666,0.38945,0.54604,0.06082,0.41167
zero-shot/W2V-Large,val+itw,holdout,clean,2502,0.13126,0.13047,0.18428,0.00717,0.48281
zero-shot/W2V-Large,val+itw,holdout,aug,2502,0.47184,0.44578,0.57860,0.05335,0.40847
zero-shot/W2V-Large,val,holdout,clean,2502,0.13341,0.13047,0.19437,0.02049,0.49281
zero-shot/W2V-Large,val,holdout,aug,2502,0.46931,0.44578,0.51911,0.03752,0.44165
zero-shot/W2V-Large,val,itw,clean,2500,0.15406,0.06400,0.19245,0.06156,0.56400
zero-shot/W2V-Large,val,itw,aug,2500,0.34526,0.31063,0.39866,0.04634,0.57600
zero-shot/W2V-Large,itw,val,clean,2499,0.11824,0.11333,0.17014,0.01441,0.26170
zero-shot/W2V-Large,itw,val,aug,2499,0.46219,0.40134,0.60817,0.06070,0.24170
zero-shot/W2V-Large,itw,holdout,clean,2502,0.13670,0.13047,0.19233,0.01530,0.47002
zero-shot/W2V-Large,itw,holdout,aug,2502,0.48733,0.44578,0.66750,0.06725,0.38969
zero-shot/HuBERT-XL,val+itw,holdout,clean,2502,0.12464,0.11861,0.20228,0.03124,0.47722
zero-shot/HuBERT-XL,val+itw,holdout,aug,2502,0.53571,0.47095,0.62985,0.08431,0.37210
zero-shot/HuBERT-XL,val,holdout,clean,2502,0.13721,0.11861,0.21044,0.03672,0.50919
zero-shot/HuBERT-XL,val,holdout,aug,2502,0.49608,0.47095,0.54718,0.04997,0.41527
zero-shot/HuBERT-XL,val,itw,clean,2500,0.27509,0.20846,0.48607,0.12669,0.62560
zero-shot/HuBERT-XL,val,itw,aug,2500,0.48537,0.44983,0.71095,0.13785,0.65040
zero-shot/HuBERT-XL,itw,val,clean,2499,0.14679,0.11728,0.23978,0.04530,0.25290
zero-shot/HuBERT-XL,itw,val,aug,2499,0.52321,0.44334,0.70742,0.11005,0.20408
zero-shot/HuBERT-XL,itw,holdout,clean,2502,0.13925,0.11861,0.22470,0.04565,0.46243
zero-shot/HuBERT-XL,itw,holdout,aug,2502,0.58518,0.47095,0.75839,0.11501,0.34173
fine-tuned/XLS-R-2B,val+itw,holdout,clean,2502,0.00297,0.00140,0.01288,0.00495,0.49081
fine-tuned/XLS-R-2B,val+itw,holdout,aug,2502,0.07939,0.06914,0.12709,0.01773,0.49640
fine-tuned/XLS-R-2B,val,holdout,clean,2502,0.00218,0.00140,0.00521,0.00151,0.49041
fine-tuned/XLS-R-2B,val,holdout,aug,2502,0.07897,0.06914,0.13147,0.01755,0.48841
fine-tuned/XLS-R-2B,val,itw,clean,2500,0.08423,0.05989,0.13163,0.01566,0.48240
fine-tuned/XLS-R-2B,val,itw,aug,2500,0.17406,0.15280,0.26596,0.02564,0.47520
fine-tuned/XLS-R-2B,itw,val,clean,2499,0.00164,0.00000,0.01711,0.00706,0.26771
fine-tuned/XLS-R-2B,itw,val,aug,2499,0.04202,0.03812,0.07470,0.01229,0.28131
fine-tuned/XLS-R-2B,itw,holdout,clean,2502,0.00297,0.00140,0.01650,0.00684,0.49081
fine-tuned/XLS-R-2B,itw,holdout,aug,2502,0.08079,0.06914,0.12501,0.01791,0.49600
fine-tuned/XLS-R-1B,val+itw,holdout,clean,2502,0.00157,0.00157,0.01855,0.01021,0.49121
fine-tuned/XLS-R-1B,val+itw,holdout,aug,2502,0.09088,0.08686,0.15362,0.01779,0.50560
fine-tuned/XLS-R-1B,val,holdout,clean,2502,0.00157,0.00157,0.00692,0.00464,0.49121
fine-tuned/XLS-R-1B,val,holdout,aug,2502,0.09728,0.08686,0.16195,0.01962,0.49440
fine-tuned/XLS-R-1B,val,itw,clean,2500,0.12869,0.09291,0.19948,0.02450,0.47640
fine-tuned/XLS-R-1B,val,itw,aug,2500,0.22583,0.20640,0.35450,0.04095,0.49240
fine-tuned/XLS-R-1B,itw,val,clean,2499,0.00109,0.00000,0.02424,0.01416,0.26731
fine-tuned/XLS-R-1B,itw,val,aug,2499,0.05036,0.04678,0.09697,0.02024,0.28972
fine-tuned/XLS-R-1B,itw,holdout,clean,2502,0.00157,0.00157,0.02503,0.01453,0.49121
fine-tuned/XLS-R-1B,itw,holdout,aug,2502,0.09150,0.08686,0.15104,0.01279,0.50480
fine-tuned/MMS-1B,val+itw,holdout,clean,2502,0.00157,0.00157,0.02093,0.00903,0.49121
fine-tuned/MMS-1B,val+itw,holdout,aug,2502,0.09951,0.09187,0.15575,0.02040,0.50999
fine-tuned/MMS-1B,val,holdout,clean,2502,0.00218,0.00157,0.00650,0.00181,0.49041
fine-tuned/MMS-1B,val,holdout,aug,2502,0.09326,0.09187,0.15907,0.02061,0.49680
fine-tuned/MMS-1B,val,itw,clean,2500,0.13486,0.11143,0.20961,0.01916,0.47840
fine-tuned/MMS-1B,val,itw,aug,2500,0.24583,0.22309,0.37443,0.04958,0.49480
fine-tuned/MMS-1B,itw,val,clean,2499,0.00273,0.00109,0.03038,0.01473,0.26851
fine-tuned/MMS-1B,itw,val,aug,2499,0.05333,0.04998,0.08869,0.01913,0.28731
fine-tuned/MMS-1B,itw,holdout,clean,2502,0.00157,0.00157,0.02866,0.01505,0.49121
fine-tuned/MMS-1B,itw,holdout,aug,2502,0.09995,0.09187,0.15314,0.01589,0.50799
fine-tuned/MMS-300M,val+itw,holdout,clean,2502,0.00549,0.00235,0.04342,0.01482,0.49321
fine-tuned/MMS-300M,val+itw,holdout,aug,2502,0.11265,0.09829,0.21208,0.04061,0.52558
fine-tuned/MMS-300M,val,holdout,clean,2502,0.00375,0.00235,0.01158,0.00437,0.49121
fine-tuned/MMS-300M,val,holdout,aug,2502,0.12417,0.09829,0.18738,0.02336,0.48921
fine-tuned/MMS-300M,val,itw,clean,2500,0.21566,0.12274,0.38132,0.04819,0.44280
fine-tuned/MMS-300M,val,itw,aug,2500,0.35051,0.24971,0.60013,0.06487,0.42120
fine-tuned/MMS-300M,itw,val,clean,2499,0.00546,0.00000,0.05306,0.02073,0.27051
fine-tuned/MMS-300M,itw,val,aug,2499,0.08231,0.05701,0.16404,0.04536,0.31773
fine-tuned/MMS-300M,itw,holdout,clean,2502,0.00863,0.00235,0.05666,0.02038,0.49480
fine-tuned/MMS-300M,itw,holdout,aug,2502,0.11944,0.09829,0.22959,0.04968,0.53237
fine-tuned/W2V-Large,val+itw,holdout,clean,2502,0.00811,0.00576,0.01348,0.00376,0.49121
fine-tuned/W2V-Large,val+itw,holdout,aug,2502,0.14787,0.14527,0.18984,0.01563,0.50240
fine-tuned/W2V-Large,val,holdout,clean,2502,0.00576,0.00576,0.01281,0.00333,0.49001
fine-tuned/W2V-Large,val,holdout,aug,2502,0.14667,0.14527,0.19502,0.01922,0.49400
fine-tuned/W2V-Large,val,itw,clean,2500,0.10217,0.09760,0.13531,0.00668,0.50440
fine-tuned/W2V-Large,val,itw,aug,2500,0.22000,0.21657,0.28261,0.01746,0.50360
fine-tuned/W2V-Large,itw,val,clean,2499,0.00546,0.00055,0.00887,0.00349,0.27051
fine-tuned/W2V-Large,itw,val,aug,2499,0.09037,0.08912,0.11708,0.00405,0.28932
fine-tuned/W2V-Large,itw,holdout,clean,2502,0.00654,0.00576,0.01384,0.00334,0.49041
fine-tuned/W2V-Large,itw,holdout,aug,2502,0.14937,0.14527,0.18913,0.01718,0.49760
D6-R 3 vocoders/XLS-R-2B,val+itw,holdout,clean,2502,0.00000,0.00000,0.00635,0.00273,0.49041
D6-R 3 vocoders/XLS-R-2B,val+itw,holdout,aug,2502,0.08150,0.07378,0.11918,0.01529,0.49081
D6-R 3 vocoders/XLS-R-2B,val,holdout,clean,2502,0.00140,0.00000,0.00277,0.00082,0.49001
D6-R 3 vocoders/XLS-R-2B,val,holdout,aug,2502,0.09270,0.07378,0.13222,0.01483,0.47762
D6-R 3 vocoders/XLS-R-2B,val,itw,clean,2500,0.05280,0.04149,0.08598,0.01098,0.48840
D6-R 3 vocoders/XLS-R-2B,val,itw,aug,2500,0.13337,0.10286,0.19624,0.02613,0.46680
D6-R 3 vocoders/XLS-R-2B,itw,val,clean,2499,0.00000,0.00000,0.00679,0.00290,0.26651
D6-R 3 vocoders/XLS-R-2B,itw,val,aug,2499,0.04966,0.03541,0.08450,0.01786,0.28691
D6-R 3 vocoders/XLS-R-2B,itw,holdout,clean,2502,0.00000,0.00000,0.00666,0.00283,0.49041
D6-R 3 vocoders/XLS-R-2B,itw,holdout,aug,2502,0.07843,0.07378,0.12350,0.01507,0.49480
D6-R 3 vocoders/XLS-R-1B,val+itw,holdout,clean,2502,0.00000,0.00000,0.00655,0.00376,0.49041
D6-R 3 vocoders/XLS-R-1B,val+itw,holdout,aug,2502,0.09025,0.07461,0.11890,0.01210,0.48082
D6-R 3 vocoders/XLS-R-1B,val,holdout,clean,2502,0.00000,0.00000,0.00135,0.00079,0.49041
D6-R 3 vocoders/XLS-R-1B,val,holdout,aug,2502,0.09366,0.07461,0.13441,0.01815,0.47922
D6-R 3 vocoders/XLS-R-1B,val,itw,clean,2500,0.05189,0.04217,0.07983,0.01060,0.49880
D6-R 3 vocoders/XLS-R-1B,val,itw,aug,2500,0.14423,0.13886,0.22442,0.02811,0.49720
D6-R 3 vocoders/XLS-R-1B,itw,val,clean,2499,0.00000,0.00000,0.01042,0.00689,0.26651
D6-R 3 vocoders/XLS-R-1B,itw,val,aug,2499,0.03720,0.02448,0.05354,0.01031,0.27091
D6-R 3 vocoders/XLS-R-1B,itw,holdout,clean,2502,0.00000,0.00000,0.01037,0.00688,0.49041
D6-R 3 vocoders/XLS-R-1B,itw,holdout,aug,2502,0.09287,0.07461,0.12074,0.01045,0.47882
D6-R/XLS-R-2B,val+itw,holdout,clean,2502,0.00218,0.00140,0.00581,0.00210,0.49041
D6-R/XLS-R-2B,val+itw,holdout,aug,2502,0.10018,0.08922,0.13015,0.01539,0.48921
D6-R/XLS-R-2B,val,holdout,clean,2502,0.00218,0.00140,0.00428,0.00128,0.49041
D6-R/XLS-R-2B,val,holdout,aug,2502,0.09635,0.08922,0.14169,0.01729,0.48281
D6-R/XLS-R-2B,val,itw,clean,2500,0.04103,0.04046,0.06586,0.00584,0.49880
D6-R/XLS-R-2B,val,itw,aug,2500,0.10594,0.10411,0.15088,0.01393,0.49760
D6-R/XLS-R-2B,itw,val,clean,2499,0.00257,0.00164,0.00708,0.00237,0.26611
D6-R/XLS-R-2B,itw,val,aug,2499,0.05263,0.03680,0.07330,0.00877,0.28451
D6-R/XLS-R-2B,itw,holdout,clean,2502,0.00218,0.00140,0.00633,0.00250,0.49041
D6-R/XLS-R-2B,itw,holdout,aug,2502,0.09939,0.08922,0.12968,0.01292,0.48881
D6-R/XLS-R-1B,val+itw,holdout,clean,2502,0.00157,0.00000,0.00577,0.00444,0.49121
D6-R/XLS-R-1B,val+itw,holdout,aug,2502,0.10184,0.07167,0.14006,0.01648,0.48561
D6-R/XLS-R-1B,val,holdout,clean,2502,0.00157,0.00000,0.00319,0.00209,0.49121
D6-R/XLS-R-1B,val,holdout,aug,2502,0.09983,0.07167,0.14761,0.02058,0.48681
D6-R/XLS-R-1B,val,itw,clean,2500,0.05463,0.03966,0.07037,0.01156,0.51320
D6-R/XLS-R-1B,val,itw,aug,2500,0.14263,0.13954,0.20653,0.03260,0.53440
D6-R/XLS-R-1B,itw,val,clean,2499,0.00109,0.00000,0.00810,0.00709,0.26731
D6-R/XLS-R-1B,itw,val,aug,2499,0.03953,0.03360,0.05847,0.01351,0.27491
D6-R/XLS-R-1B,itw,holdout,clean,2502,0.00078,0.00000,0.00839,0.00720,0.49081
D6-R/XLS-R-1B,itw,holdout,aug,2502,0.10089,0.07167,0.14759,0.02021,0.48401
D6-R/XLS-R-1B seed 1,val+itw,holdout,clean,2502,0.00078,0.00000,0.00615,0.00388,0.49081
D6-R/XLS-R-1B seed 1,val+itw,holdout,aug,2502,0.07765,0.07177,0.11494,0.01052,0.49440
D6-R/XLS-R-1B seed 1,val,holdout,clean,2502,0.00078,0.00000,0.00296,0.00157,0.49081
D6-R/XLS-R-1B seed 1,val,holdout,aug,2502,0.08027,0.07177,0.12529,0.01562,0.49241
D6-R/XLS-R-1B seed 1,val,itw,clean,2500,0.05211,0.04229,0.07535,0.00942,0.50000
D6-R/XLS-R-1B seed 1,val,itw,aug,2500,0.13074,0.12754,0.20631,0.02693,0.51000
D6-R/XLS-R-1B seed 1,itw,val,clean,2499,0.00000,0.00000,0.00707,0.00569,0.26651
D6-R/XLS-R-1B seed 1,itw,val,aug,2499,0.03438,0.03166,0.05573,0.00918,0.27571
D6-R/XLS-R-1B seed 1,itw,holdout,clean,2502,0.00078,0.00000,0.00864,0.00639,0.49081
D6-R/XLS-R-1B seed 1,itw,holdout,aug,2502,0.08167,0.07177,0.11576,0.01352,0.49201
D6-R/MMS-1B,val+itw,holdout,clean,2502,0.00140,0.00000,0.00840,0.00545,0.49001
D6-R/MMS-1B,val+itw,holdout,aug,2502,0.10498,0.09334,0.14976,0.01729,0.48721
D6-R/MMS-1B,val,holdout,clean,2502,0.00140,0.00000,0.00418,0.00193,0.49001
D6-R/MMS-1B,val,holdout,aug,2502,0.11101,0.09334,0.16943,0.02178,0.48361
D6-R/MMS-1B,val,itw,clean,2500,0.05063,0.04171,0.08949,0.01338,0.51120
D6-R/MMS-1B,val,itw,aug,2500,0.16480,0.15131,0.23394,0.03642,0.51400
D6-R/MMS-1B,itw,val,clean,2499,0.00164,0.00000,0.01266,0.01032,0.26771
D6-R/MMS-1B,itw,val,aug,2499,0.04553,0.03773,0.06984,0.01511,0.27931
D6-R/MMS-1B,itw,holdout,clean,2502,0.00140,0.00000,0.01316,0.00976,0.49001
D6-R/MMS-1B,itw,holdout,aug,2502,0.11241,0.09334,0.15469,0.02373,0.48321
WiSE-FT/XLS-R-2B a=0.3,val+itw,holdout,clean,2502,0.00279,0.00140,0.01077,0.00346,0.48961
WiSE-FT/XLS-R-2B a=0.3,val+itw,holdout,aug,2502,0.14184,0.11138,0.18576,0.02400,0.47042
WiSE-FT/XLS-R-2B a=0.3,val,holdout,clean,2502,0.00279,0.00140,0.00895,0.00301,0.48961
WiSE-FT/XLS-R-2B a=0.3,val,holdout,aug,2502,0.12550,0.11138,0.18149,0.02170,0.48321
WiSE-FT/XLS-R-2B a=0.3,val,itw,clean,2500,0.05406,0.03566,0.08534,0.01799,0.51400
WiSE-FT/XLS-R-2B a=0.3,val,itw,aug,2500,0.13897,0.12377,0.21436,0.03460,0.53040
WiSE-FT/XLS-R-2B a=0.3,itw,val,clean,2499,0.00515,0.00055,0.01352,0.00362,0.26571
WiSE-FT/XLS-R-2B a=0.3,itw,val,aug,2499,0.10833,0.07056,0.14238,0.01961,0.26130
WiSE-FT/XLS-R-2B a=0.3,itw,holdout,clean,2502,0.00419,0.00140,0.01153,0.00406,0.48921
WiSE-FT/XLS-R-2B a=0.3,itw,holdout,aug,2502,0.16167,0.11138,0.20387,0.02769,0.46163
WiSE-FT/XLS-R-2B a=0.5,val+itw,holdout,clean,2502,0.00279,0.00140,0.00917,0.00310,0.48961
WiSE-FT/XLS-R-2B a=0.5,val+itw,holdout,aug,2502,0.09145,0.07824,0.13472,0.01725,0.48921
WiSE-FT/XLS-R-2B a=0.5,val,holdout,clean,2502,0.00279,0.00140,0.00610,0.00150,0.48961
WiSE-FT/XLS-R-2B a=0.5,val,holdout,aug,2502,0.09530,0.07824,0.14295,0.02015,0.48561
WiSE-FT/XLS-R-2B a=0.5,val,itw,clean,2500,0.05006,0.04137,0.07392,0.00637,0.49680
WiSE-FT/XLS-R-2B a=0.5,val,itw,aug,2500,0.13154,0.12994,0.19226,0.02029,0.49520
WiSE-FT/XLS-R-2B a=0.5,itw,val,clean,2499,0.00000,0.00000,0.00961,0.00473,0.26651
WiSE-FT/XLS-R-2B a=0.5,itw,val,aug,2499,0.04725,0.04593,0.07604,0.00518,0.27371
WiSE-FT/XLS-R-2B a=0.5,itw,holdout,clean,2502,0.00279,0.00140,0.01064,0.00404,0.48961
WiSE-FT/XLS-R-2B a=0.5,itw,holdout,aug,2502,0.09486,0.07824,0.13329,0.01465,0.48761
WiSE-FT/XLS-R-2B a=0.7,val+itw,holdout,clean,2502,0.00140,0.00140,0.01054,0.00390,0.49001
WiSE-FT/XLS-R-2B a=0.7,val+itw,holdout,aug,2502,0.08062,0.06941,0.12770,0.01534,0.49480
WiSE-FT/XLS-R-2B a=0.7,val,holdout,clean,2502,0.00140,0.00140,0.00503,0.00134,0.49001
WiSE-FT/XLS-R-2B a=0.7,val,holdout,aug,2502,0.08299,0.06941,0.13446,0.01810,0.48601
WiSE-FT/XLS-R-2B a=0.7,val,itw,clean,2500,0.06663,0.05303,0.10528,0.01157,0.48880
WiSE-FT/XLS-R-2B a=0.7,val,itw,aug,2500,0.16000,0.14137,0.23386,0.02421,0.48120
WiSE-FT/XLS-R-2B a=0.7,itw,val,clean,2499,0.00109,0.00055,0.01342,0.00628,0.26731
WiSE-FT/XLS-R-2B a=0.7,itw,val,aug,2499,0.04187,0.03829,0.07083,0.01001,0.27891
WiSE-FT/XLS-R-2B a=0.7,itw,holdout,clean,2502,0.00140,0.00140,0.01329,0.00539,0.49001
WiSE-FT/XLS-R-2B a=0.7,itw,holdout,aug,2502,0.08062,0.06941,0.12476,0.01508,0.49480
WiSE-FT/XLS-R-1B a=0.3,val+itw,holdout,clean,2502,0.00777,0.00314,0.01726,0.00412,0.48881
WiSE-FT/XLS-R-1B a=0.3,val+itw,holdout,aug,2502,0.15030,0.11292,0.19649,0.02258,0.47362
WiSE-FT/XLS-R-1B a=0.3,val,holdout,clean,2502,0.00855,0.00314,0.01365,0.00287,0.48921
WiSE-FT/XLS-R-1B a=0.3,val,holdout,aug,2502,0.13334,0.11292,0.19833,0.02435,0.48721
WiSE-FT/XLS-R-1B a=0.3,val,itw,clean,2500,0.05714,0.05474,0.09839,0.01709,0.51120
WiSE-FT/XLS-R-1B a=0.3,val,itw,aug,2500,0.17806,0.16743,0.28810,0.04866,0.54560
WiSE-FT/XLS-R-1B a=0.3,itw,val,clean,2499,0.00772,0.00257,0.01740,0.00553,0.26531
WiSE-FT/XLS-R-1B a=0.3,itw,val,aug,2499,0.11160,0.06971,0.13428,0.01885,0.26371
WiSE-FT/XLS-R-1B a=0.3,itw,holdout,clean,2502,0.00838,0.00314,0.02020,0.00538,0.48801
WiSE-FT/XLS-R-1B a=0.3,itw,holdout,aug,2502,0.16376,0.11292,0.20876,0.02346,0.46603
WiSE-FT/XLS-R-1B a=0.5,val+itw,holdout,clean,2502,0.00297,0.00157,0.01393,0.00684,0.49081
WiSE-FT/XLS-R-1B a=0.5,val+itw,holdout,aug,2502,0.10287,0.09821,0.16073,0.01713,0.49281
WiSE-FT/XLS-R-1B a=0.5,val,holdout,clean,2502,0.00436,0.00157,0.00811,0.00362,0.49041
WiSE-FT/XLS-R-1B a=0.5,val,holdout,aug,2502,0.11292,0.09821,0.17243,0.02246,0.48681
WiSE-FT/XLS-R-1B a=0.5,val,itw,clean,2500,0.07943,0.06743,0.11751,0.00963,0.49520
WiSE-FT/XLS-R-1B a=0.5,val,itw,aug,2500,0.19954,0.17463,0.27431,0.03749,0.50640
WiSE-FT/XLS-R-1B a=0.5,itw,val,clean,2499,0.00257,0.00055,0.01736,0.00873,0.26611
WiSE-FT/XLS-R-1B a=0.5,itw,val,aug,2499,0.05910,0.05060,0.09126,0.01279,0.28011
WiSE-FT/XLS-R-1B a=0.5,itw,holdout,clean,2502,0.00436,0.00157,0.01774,0.00948,0.49041
WiSE-FT/XLS-R-1B a=0.5,itw,holdout,aug,2502,0.10768,0.09821,0.15880,0.01201,0.49081
ensemble/v1 interim,val+itw,holdout,clean,2502,0.00000,0.00000,0.00229,0.00106,0.49041
ensemble/v1 interim,val+itw,holdout,aug,2502,0.06789,0.06789,0.10664,0.01284,0.48721
ensemble/v1 interim,val,holdout,clean,2502,0.00000,0.00000,0.00105,0.00052,0.49041
ensemble/v1 interim,val,holdout,aug,2502,0.07968,0.06789,0.11452,0.01472,0.48321
ensemble/v1 interim,val,itw,clean,2500,0.03429,0.02766,0.05123,0.00544,0.49760
ensemble/v1 interim,val,itw,aug,2500,0.09829,0.09520,0.12848,0.01096,0.49920
ensemble/v1 interim,itw,val,clean,2499,0.00000,0.00000,0.00274,0.00134,0.26651
ensemble/v1 interim,itw,val,aug,2499,0.03883,0.03266,0.04820,0.00572,0.27211
ensemble/v1 interim,itw,holdout,clean,2502,0.00000,0.00000,0.00284,0.00137,0.49041
ensemble/v1 interim,itw,holdout,aug,2502,0.07209,0.06789,0.10655,0.01199,0.48601
ensemble/v2 FINAL,val+itw,holdout,clean,2502,0.00000,0.00000,0.00086,0.00065,0.49041
ensemble/v2 FINAL,val+itw,holdout,aug,2502,0.08657,0.07326,0.11504,0.01434,0.48561
ensemble/v2 FINAL,val,holdout,clean,2502,0.00000,0.00000,0.00051,0.00040,0.49041
ensemble/v2 FINAL,val,holdout,aug,2502,0.08937,0.07326,0.12190,0.01581,0.48481
ensemble/v2 FINAL,val,itw,clean,2500,0.03760,0.02811,0.04549,0.00565,0.50360
ensemble/v2 FINAL,val,itw,aug,2500,0.08537,0.08240,0.11905,0.01010,0.51120
ensemble/v2 FINAL,itw,val,clean,2499,0.00000,0.00000,0.00144,0.00110,0.26651
ensemble/v2 FINAL,itw,val,aug,2499,0.03314,0.02987,0.03989,0.00433,0.27251
ensemble/v2 FINAL,itw,holdout,clean,2502,0.00000,0.00000,0.00125,0.00102,0.49041
ensemble/v2 FINAL,itw,holdout,aug,2502,0.09260,0.07326,0.11783,0.01269,0.48201
concepts/cobweb P(fake),val+itw,holdout,clean,320,0.00000,0.00000,0.03403,0.01636,0.51250
concepts/cobweb P(fake),val+itw,holdout,aug,285,0.11816,0.10907,0.19336,0.01571,0.50526
concepts/cobweb P(fake),val,holdout,clean,320,0.00000,0.00000,0.00238,0.00199,0.51250
concepts/cobweb P(fake),val,holdout,aug,285,0.11097,0.10907,0.28954,0.02547,0.50175
concepts/cobweb P(fake),val,itw,clean,641,0.09240,0.06986,0.23012,0.02228,0.48518
concepts/cobweb P(fake),val,itw,aug,655,0.21287,0.14903,0.48466,0.05253,0.45344
concepts/cobweb P(fake),itw,val,clean,416,0.00000,0.00000,0.04772,0.02347,0.25481
concepts/cobweb P(fake),itw,val,aug,413,0.02614,0.01634,0.10126,0.02558,0.27845
concepts/cobweb P(fake),itw,holdout,clean,320,0.00000,0.00000,0.04825,0.02340,0.51250
concepts/cobweb P(fake),itw,holdout,aug,285,0.11816,0.10907,0.19357,0.01601,0.50526
concepts/TTCG P(fake),val+itw,holdout,clean,320,0.03205,0.00000,0.02698,0.01361,0.52812
concepts/TTCG P(fake),val+itw,holdout,aug,285,0.10642,0.10642,0.26167,0.02745,0.50877
concepts/TTCG P(fake),val,holdout,clean,320,0.00000,0.00000,0.02678,0.01324,0.51250
concepts/TTCG P(fake),val,holdout,aug,285,0.11097,0.10642,0.27322,0.02665,0.50175
concepts/TTCG P(fake),val,itw,clean,641,0.04637,0.04324,0.11164,0.01606,0.50858
concepts/TTCG P(fake),val,itw,aug,655,0.11489,0.11188,0.22599,0.02773,0.50076
concepts/TTCG P(fake),itw,val,clean,416,0.01290,0.00000,0.01371,0.00733,0.26442
concepts/TTCG P(fake),itw,val,aug,413,0.05524,0.02909,0.12657,0.02411,0.28571
concepts/TTCG P(fake),itw,holdout,clean,320,0.01923,0.00000,0.02763,0.01402,0.52187
concepts/TTCG P(fake),itw,holdout,aug,285,0.10642,0.10642,0.26089,0.02727,0.50877
"concepts/TTCG P(fake), closed-form basic naming",val+itw,holdout,clean,320,0.03205,0.00000,0.04827,0.02701,0.52812
"concepts/TTCG P(fake), closed-form basic naming",val+itw,holdout,aug,285,0.11362,0.11362,0.23494,0.01330,0.51228
"concepts/TTCG P(fake), closed-form basic naming",val,holdout,clean,320,0.01923,0.00000,0.03510,0.01884,0.52187
"concepts/TTCG P(fake), closed-form basic naming",val,holdout,aug,285,0.12536,0.11362,0.25815,0.02164,0.50877
"concepts/TTCG P(fake), closed-form basic naming",val,itw,clean,641,0.06832,0.04010,0.13711,0.01456,0.51950
"concepts/TTCG P(fake), closed-form basic naming",val,itw,aug,655,0.12307,0.11576,0.26309,0.03001,0.51756
"concepts/TTCG P(fake), closed-form basic naming",itw,val,clean,416,0.02258,0.00000,0.04120,0.02616,0.27163
"concepts/TTCG P(fake), closed-form basic naming",itw,val,aug,413,0.07453,0.05165,0.15024,0.01376,0.28571
"concepts/TTCG P(fake), closed-form basic naming",itw,holdout,clean,320,0.03205,0.00000,0.05672,0.03295,0.52812
"concepts/TTCG P(fake), closed-form basic naming",itw,holdout,aug,285,0.11362,0.11362,0.23153,0.00929,0.51228
