fusion,set,n,auc,eer,min_dcf,weights
FINAL,holdout,2502,1.00000,0.00000,0.00000,
FINAL,itw,2500,0.99941,0.01200,0.02811,
DSP,holdout,757,0.91446,0.10700,0.29043,
DSP,itw,2500,0.26633,0.66240,1.00000,
M0,holdout,2502,0.92220,0.17784,0.47011,
X0,holdout,2502,0.98231,0.07075,0.17866,
FINAL + DSP,holdout,757,0.98222,0.04100,0.06017,"[2.724, 0.609]"
FINAL + DSP,itw,2500,0.72392,0.36800,0.59440,"[2.724, 0.609]"
FINAL + M0,holdout,2502,1.00000,0.00000,0.00000,"[5.192, 0.467]"
FINAL + X0,holdout,2502,1.00000,0.00000,0.00000,"[4.973, 0.64]"
FINAL + DSP + M0,holdout,757,0.99992,0.00400,0.00667,"[1.976, 0.77, 0.883]"
