run,set,view,n,n_fake,auc,eer,min_dcf,ref_min_dcf,min_dcf_lo,min_dcf_hi,eer_lo,eer_hi,delta_lo,delta_hi,delta,p_not_worse,op,epoch,reference,ref_epoch,act_dcf,cllr,flagged,s_per_step
rb_R0_xlsr1b_s0,val,clean,2499,666,1.00000,0.00000,0.00000,0.00000,0.00000,0.00000,0.00000,0.00000,0.00000,0.00000,0.00000,1.00000,val,2,xlsr1b_d6rall,2.00000,,,,0.40686
rb_R0_xlsr1b_s0,val,aug,2499,666,0.99933,0.01515,0.03360,0.03360,0.01894,0.04608,0.00914,0.02115,0.00000,0.00000,0.00000,1.00000,val,2,xlsr1b_d6rall,2.00000,,,,0.40686
rb_R0_xlsr1b_s0,val,unseen,2499,666,0.98934,0.04960,0.12233,,0.09621,0.14644,0.04127,0.05847,,,,,val,2,,,,,,0.40686
rb_R0_xlsr1b_s0,val,device,2499,666,1.00000,0.00000,0.00000,,0.00000,0.00000,0.00000,0.00000,,,,,val,2,,,,,,0.40686
rb_R0_xlsr1b_s0,holdout,clean,2502,1227,1.00000,0.00000,0.00000,0.00000,0.00000,0.00000,0.00000,0.00000,0.00000,0.00000,0.00000,1.00000,val,2,xlsr1b_d6rall,2.00000,0.00157,0.00318,0.49121,0.40686
rb_R0_xlsr1b_s0,holdout,aug,2502,1227,0.99677,0.03517,0.07167,0.07167,0.05516,0.08545,0.02678,0.04157,0.00000,0.00000,0.00000,1.00000,val,2,xlsr1b_d6rall,2.00000,0.10045,0.14781,0.48601,0.40686
rb_R0_xlsr1b_s0,holdout,unseen,2502,1227,0.98743,0.05475,0.12429,,0.10056,0.14165,0.04477,0.06236,,,,,val,2,,,0.12699,0.24455,0.51399,0.40686
rb_R0_xlsr1b_s0,holdout,device,2502,1227,0.99999,0.00160,0.00297,,0.00000,0.00637,0.00000,0.00320,,,,,val,2,,,0.01002,0.01952,0.49440,0.40686
rb_R0_xlsr1b_s0,itw,clean,2500,1250,0.99877,0.01560,0.03966,0.03966,0.02617,0.05246,0.01120,0.02161,0.00000,0.00000,0.00000,1.00000,val,2,xlsr1b_d6rall,2.00000,0.05463,0.07024,0.51320,0.40686
rb_R0_xlsr1b_s0,itw,aug,2500,1250,0.99120,0.05440,0.13954,0.13954,0.11257,0.15429,0.04560,0.06440,0.00000,0.00000,0.00000,1.00000,val,2,xlsr1b_d6rall,2.00000,0.14263,0.20622,0.53440,0.40686
rb_R0_xlsr1b_s0,itw,unseen,2500,1250,0.96254,0.11560,0.29611,,0.25829,0.31909,0.10279,0.12721,,,,,val,2,,,0.29669,0.44889,0.56040,0.40686
rb_R0_xlsr1b_s0,itw,device,2500,1250,0.99703,0.02640,0.06743,,0.04971,0.08400,0.01920,0.03321,,,,,val,2,,,0.09440,0.13529,0.52440,0.40686
rb_R0_xlsr1b_s0,val,clean,2499,666,1.00000,0.00000,0.00000,0.00000,0.00000,0.00000,0.00000,0.00000,0.00000,0.00000,0.00000,1.00000,last,3,xlsr1b_d6rall,3.00000,,,,0.40686
rb_R0_xlsr1b_s0,val,aug,2499,666,0.99936,0.01358,0.03548,0.03548,0.01808,0.04734,0.00757,0.02088,0.00000,0.00000,0.00000,1.00000,last,3,xlsr1b_d6rall,3.00000,,,,0.40686
rb_R0_xlsr1b_s0,val,unseen,2499,666,0.99097,0.04803,0.11180,,0.08623,0.13466,0.03732,0.05616,,,,,last,3,,,,,,0.40686
rb_R0_xlsr1b_s0,val,device,2499,666,1.00000,0.00000,0.00000,,0.00000,0.00000,0.00000,0.00000,,,,,last,3,,,,,,0.40686
rb_R0_xlsr1b_s0,holdout,clean,2502,1227,1.00000,0.00000,0.00000,0.00000,0.00000,0.00000,0.00000,0.00000,0.00000,0.00000,0.00000,1.00000,last,3,xlsr1b_d6rall,3.00000,0.00000,0.00163,0.49041,0.40686
rb_R0_xlsr1b_s0,holdout,aug,2502,1227,0.99688,0.03277,0.07868,0.07868,0.05914,0.09074,0.02477,0.03958,0.00000,0.00000,0.00000,1.00000,last,3,xlsr1b_d6rall,3.00000,0.09434,0.14151,0.48401,0.40686
rb_R0_xlsr1b_s0,holdout,unseen,2502,1227,0.98894,0.05395,0.12517,,0.10319,0.14376,0.04317,0.06035,,,,,last,3,,,0.12770,0.22068,0.50879,0.40686
rb_R0_xlsr1b_s0,holdout,device,2502,1227,0.99999,0.00160,0.00358,,0.00000,0.00627,0.00000,0.00359,,,,,last,3,,,0.00689,0.01213,0.49281,0.40686
rb_R0_xlsr1b_s0,itw,clean,2500,1250,0.99877,0.01840,0.03943,0.03943,0.02628,0.05212,0.01200,0.02321,0.00000,0.00000,0.00000,1.00000,last,3,xlsr1b_d6rall,3.00000,0.04571,0.06479,0.49680,0.40686
rb_R0_xlsr1b_s0,itw,aug,2500,1250,0.99123,0.05520,0.13691,0.13691,0.11291,0.15486,0.04560,0.06400,0.00000,0.00000,0.00000,1.00000,last,3,xlsr1b_d6rall,3.00000,0.14617,0.19573,0.50360,0.40686
rb_R0_xlsr1b_s0,itw,unseen,2500,1250,0.96449,0.11440,0.28411,,0.25017,0.31212,0.10040,0.12601,,,,,last,3,,,0.29360,0.41291,0.51760,0.40686
rb_R0_xlsr1b_s0,itw,device,2500,1250,0.99691,0.02880,0.07234,,0.05336,0.08766,0.02120,0.03640,,,,,last,3,,,0.08000,0.11690,0.50960,0.40686
rb_R0_xlsr1b_s1,val,clean,2499,666,1.00000,0.00000,0.00000,0.00000,0.00000,0.00000,0.00000,0.00000,0.00000,0.00000,0.00000,1.00000,val,3,xlsr1b_d6rall_s1,3.00000,,,,0.39983
rb_R0_xlsr1b_s1,val,aug,2499,666,0.99928,0.01228,0.03166,0.03166,0.01715,0.04359,0.00757,0.01904,0.00000,0.00000,0.00000,1.00000,val,3,xlsr1b_d6rall_s1,3.00000,,,,0.39983
rb_R0_xlsr1b_s1,val,unseen,2499,666,0.99090,0.04803,0.12552,,0.09653,0.14683,0.03889,0.06004,,,,,val,3,,,,,,0.39983
rb_R0_xlsr1b_s1,val,device,2499,666,1.00000,0.00000,0.00000,,0.00000,0.00000,0.00000,0.00000,,,,,val,3,,,,,,0.39983
rb_R0_xlsr1b_s1,holdout,clean,2502,1227,1.00000,0.00000,0.00000,0.00000,0.00000,0.00000,0.00000,0.00000,0.00000,0.00000,0.00000,1.00000,val,3,xlsr1b_d6rall_s1,3.00000,0.00078,0.00295,0.49081,0.39983
rb_R0_xlsr1b_s1,holdout,aug,2502,1227,0.99690,0.03117,0.07177,0.07177,0.05318,0.08479,0.02278,0.03718,0.00000,0.00000,0.00000,1.00000,val,3,xlsr1b_d6rall_s1,3.00000,0.08027,0.12538,0.49241,0.39983
rb_R0_xlsr1b_s1,holdout,unseen,2502,1227,0.98792,0.05395,0.12767,,0.10439,0.14530,0.04397,0.06236,,,,,val,3,,,0.13388,0.23764,0.51639,0.39983
rb_R0_xlsr1b_s1,holdout,device,2502,1227,0.99997,0.00240,0.00593,,0.00140,0.01064,0.00080,0.00519,,,,,val,3,,,0.00985,0.01824,0.49321,0.39983
rb_R0_xlsr1b_s1,itw,clean,2500,1250,0.99851,0.01920,0.04229,0.04229,0.02914,0.05715,0.01280,0.02520,0.00000,0.00000,0.00000,1.00000,val,3,xlsr1b_d6rall_s1,3.00000,0.05211,0.07539,0.50000,0.39983
rb_R0_xlsr1b_s1,itw,aug,2500,1250,0.99102,0.05040,0.12754,0.12754,0.10480,0.14652,0.04160,0.05840,0.00000,0.00000,0.00000,1.00000,val,3,xlsr1b_d6rall_s1,3.00000,0.13074,0.20643,0.51000,0.39983
rb_R0_xlsr1b_s1,itw,unseen,2500,1250,0.96639,0.10640,0.25966,,0.22720,0.28653,0.09400,0.11840,,,,,val,3,,,0.26491,0.40995,0.52280,0.39983
rb_R0_xlsr1b_s1,itw,device,2500,1250,0.99609,0.02960,0.07611,,0.05725,0.09223,0.02200,0.03720,,,,,val,3,,,0.08400,0.14631,0.51160,0.39983
rb_R0_xlsr1b_s1,val,clean,2499,666,1.00000,0.00000,0.00000,0.00000,0.00000,0.00000,0.00000,0.00000,0.00000,0.00000,0.00000,1.00000,last,3,xlsr1b_d6rall_s1,3.00000,,,,0.39983
rb_R0_xlsr1b_s1,val,aug,2499,666,0.99928,0.01228,0.03166,0.03166,0.01715,0.04359,0.00757,0.01904,0.00000,0.00000,0.00000,1.00000,last,3,xlsr1b_d6rall_s1,3.00000,,,,0.39983
rb_R0_xlsr1b_s1,val,unseen,2499,666,0.99090,0.04803,0.12552,,0.09653,0.14683,0.03889,0.06004,,,,,last,3,,,,,,0.39983
rb_R0_xlsr1b_s1,val,device,2499,666,1.00000,0.00000,0.00000,,0.00000,0.00000,0.00000,0.00000,,,,,last,3,,,,,,0.39983
rb_R0_xlsr1b_s1,holdout,clean,2502,1227,1.00000,0.00000,0.00000,0.00000,0.00000,0.00000,0.00000,0.00000,0.00000,0.00000,0.00000,1.00000,last,3,xlsr1b_d6rall_s1,3.00000,0.00078,0.00295,0.49081,0.39983
rb_R0_xlsr1b_s1,holdout,aug,2502,1227,0.99690,0.03117,0.07177,0.07177,0.05318,0.08479,0.02278,0.03718,0.00000,0.00000,0.00000,1.00000,last,3,xlsr1b_d6rall_s1,3.00000,0.08027,0.12538,0.49241,0.39983
rb_R0_xlsr1b_s1,holdout,unseen,2502,1227,0.98792,0.05395,0.12767,,0.10439,0.14530,0.04397,0.06236,,,,,last,3,,,0.13388,0.23764,0.51639,0.39983
rb_R0_xlsr1b_s1,holdout,device,2502,1227,0.99997,0.00240,0.00593,,0.00140,0.01064,0.00080,0.00519,,,,,last,3,,,0.00985,0.01824,0.49321,0.39983
rb_R0_xlsr1b_s1,itw,clean,2500,1250,0.99851,0.01920,0.04229,0.04229,0.02914,0.05715,0.01280,0.02520,0.00000,0.00000,0.00000,1.00000,last,3,xlsr1b_d6rall_s1,3.00000,0.05211,0.07539,0.50000,0.39983
rb_R0_xlsr1b_s1,itw,aug,2500,1250,0.99102,0.05040,0.12754,0.12754,0.10480,0.14652,0.04160,0.05840,0.00000,0.00000,0.00000,1.00000,last,3,xlsr1b_d6rall_s1,3.00000,0.13074,0.20643,0.51000,0.39983
rb_R0_xlsr1b_s1,itw,unseen,2500,1250,0.96639,0.10640,0.25966,,0.22720,0.28653,0.09400,0.11840,,,,,last,3,,,0.26491,0.40995,0.52280,0.39983
rb_R0_xlsr1b_s1,itw,device,2500,1250,0.99609,0.02960,0.07611,,0.05725,0.09223,0.02200,0.03720,,,,,last,3,,,0.08400,0.14631,0.51160,0.39983
rb_R1_xlsr1b_s0,val,clean,2499,666,1.00000,0.00000,0.00000,0.00000,0.00000,0.00000,0.00000,0.00000,0.00000,0.00000,0.00000,1.00000,val,3,rb_R0_xlsr1b_s0,2.00000,,,,0.38966
rb_R1_xlsr1b_s0,val,aug,2499,666,0.99948,0.01358,0.03338,0.03360,0.01723,0.04061,0.00757,0.02088,-0.01037,0.00491,-0.00022,0.75600,val,3,rb_R0_xlsr1b_s0,2.00000,,,,0.38966
rb_R1_xlsr1b_s0,val,unseen,2499,666,0.99218,0.04359,0.10494,0.12233,0.08210,0.12811,0.03472,0.05246,-0.03299,-0.00273,-0.01739,0.99000,val,3,rb_R0_xlsr1b_s0,2.00000,,,,0.38966
rb_R1_xlsr1b_s0,val,device,2499,666,1.00000,0.00000,0.00000,0.00000,0.00000,0.00000,0.00000,0.00000,0.00000,0.00000,0.00000,1.00000,val,3,rb_R0_xlsr1b_s0,2.00000,,,,0.38966
rb_R1_xlsr1b_s0,holdout,clean,2502,1227,1.00000,0.00080,0.00140,0.00000,0.00000,0.00314,0.00000,0.00241,0.00000,0.00314,0.00140,0.38300,val,3,rb_R0_xlsr1b_s0,2.00000,0.00140,0.00362,0.49001,0.38966
rb_R1_xlsr1b_s0,holdout,aug,2502,1227,0.99725,0.03078,0.07159,0.07167,0.05321,0.08503,0.02278,0.03757,-0.01307,0.01145,-0.00007,0.57200,val,3,rb_R0_xlsr1b_s0,2.00000,0.08395,0.12276,0.48761,0.38966
rb_R1_xlsr1b_s0,holdout,unseen,2502,1227,0.98931,0.04716,0.11905,0.12429,0.09556,0.13464,0.03997,0.05674,-0.02194,0.01027,-0.00525,0.76600,val,3,rb_R0_xlsr1b_s0,2.00000,0.12106,0.21786,0.51319,0.38966
rb_R1_xlsr1b_s0,holdout,device,2502,1227,0.99999,0.00320,0.00471,0.00297,0.00078,0.00777,0.00041,0.00480,-0.00314,0.00532,0.00174,0.26600,val,3,rb_R0_xlsr1b_s0,2.00000,0.00733,0.00939,0.49081,0.38966
rb_R1_xlsr1b_s0,itw,clean,2500,1250,0.99869,0.01840,0.04331,0.03966,0.02891,0.05440,0.01280,0.02360,-0.00617,0.01097,0.00366,0.24300,val,3,rb_R0_xlsr1b_s0,2.00000,0.05246,0.06870,0.49800,0.38966
rb_R1_xlsr1b_s0,itw,aug,2500,1250,0.99031,0.05480,0.13829,0.13954,0.11280,0.15509,0.04560,0.06360,-0.01520,0.01681,-0.00126,0.43800,val,3,rb_R0_xlsr1b_s0,2.00000,0.14777,0.20693,0.49680,0.38966
rb_R1_xlsr1b_s0,itw,unseen,2500,1250,0.96594,0.10960,0.28709,0.29611,0.25290,0.31247,0.09800,0.12160,-0.02766,0.01211,-0.00903,0.77400,val,3,rb_R0_xlsr1b_s0,2.00000,0.29223,0.41181,0.51040,0.38966
rb_R1_xlsr1b_s0,itw,device,2500,1250,0.99555,0.03280,0.08594,0.06743,0.06331,0.09932,0.02520,0.04160,0.00205,0.02903,0.01851,0.01800,val,3,rb_R0_xlsr1b_s0,2.00000,0.08903,0.14036,0.50000,0.38966
rb_R1_xlsr1b_s0,val,clean,2499,666,1.00000,0.00000,0.00000,0.00000,0.00000,0.00000,0.00000,0.00000,0.00000,0.00000,0.00000,1.00000,last,3,rb_R0_xlsr1b_s0,3.00000,,,,0.38966
rb_R1_xlsr1b_s0,val,aug,2499,666,0.99948,0.01358,0.03338,0.03548,0.01723,0.04061,0.00757,0.02088,-0.01154,0.00382,-0.00210,0.78800,last,3,rb_R0_xlsr1b_s0,3.00000,,,,0.38966
rb_R1_xlsr1b_s0,val,unseen,2499,666,0.99218,0.04359,0.10494,0.11180,0.08210,0.12811,0.03472,0.05246,-0.01870,0.00500,-0.00685,0.86200,last,3,rb_R0_xlsr1b_s0,3.00000,,,,0.38966
rb_R1_xlsr1b_s0,val,device,2499,666,1.00000,0.00000,0.00000,0.00000,0.00000,0.00000,0.00000,0.00000,0.00000,0.00000,0.00000,1.00000,last,3,rb_R0_xlsr1b_s0,3.00000,,,,0.38966
rb_R1_xlsr1b_s0,holdout,clean,2502,1227,1.00000,0.00080,0.00140,0.00000,0.00000,0.00314,0.00000,0.00241,0.00000,0.00314,0.00140,0.38300,last,3,rb_R0_xlsr1b_s0,3.00000,0.00140,0.00362,0.49001,0.38966
rb_R1_xlsr1b_s0,holdout,aug,2502,1227,0.99725,0.03078,0.07159,0.07868,0.05321,0.08503,0.02278,0.03757,-0.01527,0.00378,-0.00708,0.87400,last,3,rb_R0_xlsr1b_s0,3.00000,0.08395,0.12276,0.48761,0.38966
rb_R1_xlsr1b_s0,holdout,unseen,2502,1227,0.98931,0.04716,0.11905,0.12517,0.09556,0.13464,0.03997,0.05674,-0.01878,0.00469,-0.00613,0.88300,last,3,rb_R0_xlsr1b_s0,3.00000,0.12106,0.21786,0.51319,0.38966
rb_R1_xlsr1b_s0,holdout,device,2502,1227,0.99999,0.00320,0.00471,0.00358,0.00078,0.00777,0.00041,0.00480,-0.00235,0.00471,0.00113,0.25700,last,3,rb_R0_xlsr1b_s0,3.00000,0.00733,0.00939,0.49081,0.38966
rb_R1_xlsr1b_s0,itw,clean,2500,1250,0.99869,0.01840,0.04331,0.03943,0.02891,0.05440,0.01280,0.02360,-0.00572,0.01040,0.00389,0.22800,last,3,rb_R0_xlsr1b_s0,3.00000,0.05246,0.06870,0.49800,0.38966
rb_R1_xlsr1b_s0,itw,aug,2500,1250,0.99031,0.05480,0.13829,0.13691,0.11280,0.15509,0.04560,0.06360,-0.01361,0.01577,0.00137,0.44100,last,3,rb_R0_xlsr1b_s0,3.00000,0.14777,0.20693,0.49680,0.38966
rb_R1_xlsr1b_s0,itw,unseen,2500,1250,0.96594,0.10960,0.28709,0.28411,0.25290,0.31247,0.09800,0.12160,-0.01532,0.02047,0.00297,0.40400,last,3,rb_R0_xlsr1b_s0,3.00000,0.29223,0.41181,0.51040,0.38966
rb_R1_xlsr1b_s0,itw,device,2500,1250,0.99555,0.03280,0.08594,0.07234,0.06331,0.09932,0.02520,0.04160,-0.00091,0.02434,0.01360,0.03100,last,3,rb_R0_xlsr1b_s0,3.00000,0.08903,0.14036,0.50000,0.38966
rb_R2_xlsr1b_s0,val,clean,2499,666,1.00000,0.00000,0.00000,0.00000,0.00000,0.00000,0.00000,0.00000,0.00000,0.00000,0.00000,1.00000,val,2,rb_R0_xlsr1b_s0,2.00000,,,,0.39820
rb_R2_xlsr1b_s0,val,aug,2499,666,0.99926,0.01201,0.02987,0.03360,0.01497,0.04478,0.00628,0.01959,-0.01528,0.00999,-0.00373,0.67500,val,2,rb_R0_xlsr1b_s0,2.00000,,,,0.39820
rb_R2_xlsr1b_s0,val,unseen,2499,666,0.99038,0.05089,0.12591,0.12233,0.09817,0.14730,0.04046,0.06133,-0.01927,0.02138,0.00358,0.48800,val,2,rb_R0_xlsr1b_s0,2.00000,,,,0.39820
rb_R2_xlsr1b_s0,val,device,2499,666,1.00000,0.00000,0.00000,0.00000,0.00000,0.00000,0.00000,0.00000,0.00000,0.00000,0.00000,1.00000,val,2,rb_R0_xlsr1b_s0,2.00000,,,,0.39820
rb_R2_xlsr1b_s0,holdout,clean,2502,1227,1.00000,0.00000,0.00000,0.00000,0.00000,0.00000,0.00000,0.00000,0.00000,0.00000,0.00000,1.00000,val,2,rb_R0_xlsr1b_s0,2.00000,0.00000,0.00195,0.49041,0.39820
rb_R2_xlsr1b_s0,holdout,aug,2502,1227,0.99724,0.03277,0.06978,0.07167,0.05328,0.08314,0.02438,0.03918,-0.01375,0.00932,-0.00189,0.63500,val,2,rb_R0_xlsr1b_s0,2.00000,0.09400,0.12615,0.48161,0.39820
rb_R2_xlsr1b_s0,holdout,unseen,2502,1227,0.98959,0.04956,0.11878,0.12429,0.09583,0.13550,0.04037,0.05756,-0.02579,0.01091,-0.00552,0.73500,val,2,rb_R0_xlsr1b_s0,2.00000,0.12334,0.22040,0.50879,0.39820
rb_R2_xlsr1b_s0,holdout,device,2502,1227,0.99999,0.00240,0.00498,0.00297,0.00078,0.00777,0.00039,0.00480,-0.00341,0.00549,0.00201,0.31700,val,2,rb_R0_xlsr1b_s0,2.00000,0.00838,0.01157,0.48801,0.39820
rb_R2_xlsr1b_s0,itw,clean,2500,1250,0.99862,0.01680,0.04000,0.03966,0.02628,0.05143,0.01120,0.02160,-0.00926,0.00743,0.00034,0.41800,val,2,rb_R0_xlsr1b_s0,2.00000,0.04309,0.06807,0.50200,0.39820
rb_R2_xlsr1b_s0,itw,aug,2500,1250,0.99038,0.05440,0.13954,0.13954,0.11360,0.15797,0.04480,0.06400,-0.01314,0.01737,-0.00000,0.44500,val,2,rb_R0_xlsr1b_s0,2.00000,0.14069,0.21227,0.51280,0.39820
rb_R2_xlsr1b_s0,itw,unseen,2500,1250,0.96424,0.11040,0.29566,0.29611,0.25874,0.31842,0.09920,0.12361,-0.02206,0.01669,-0.00046,0.57900,val,2,rb_R0_xlsr1b_s0,2.00000,0.30126,0.45680,0.54640,0.39820
rb_R2_xlsr1b_s0,itw,device,2500,1250,0.99678,0.02880,0.07200,0.06743,0.05394,0.08526,0.02240,0.03520,-0.01017,0.01463,0.00457,0.31800,val,2,rb_R0_xlsr1b_s0,2.00000,0.07703,0.11557,0.50160,0.39820
rb_R2_xlsr1b_s0,val,clean,2499,666,1.00000,0.00000,0.00000,0.00000,0.00000,0.00000,0.00000,0.00000,0.00000,0.00000,0.00000,1.00000,last,3,rb_R0_xlsr1b_s0,3.00000,,,,0.39820
rb_R2_xlsr1b_s0,val,aug,2499,666,0.99934,0.01228,0.03166,0.03548,0.01621,0.04460,0.00757,0.01822,-0.01241,0.00639,-0.00382,0.71400,last,3,rb_R0_xlsr1b_s0,3.00000,,,,0.39820
rb_R2_xlsr1b_s0,val,unseen,2499,666,0.98977,0.05219,0.12654,0.11180,0.09907,0.14668,0.04202,0.06133,-0.00383,0.02854,0.01474,0.06500,last,3,rb_R0_xlsr1b_s0,3.00000,,,,0.39820
rb_R2_xlsr1b_s0,val,device,2499,666,1.00000,0.00000,0.00000,0.00000,0.00000,0.00000,0.00000,0.00000,0.00000,0.00000,0.00000,1.00000,last,3,rb_R0_xlsr1b_s0,3.00000,,,,0.39820
rb_R2_xlsr1b_s0,holdout,clean,2502,1227,1.00000,0.00000,0.00000,0.00000,0.00000,0.00000,0.00000,0.00000,0.00000,0.00000,0.00000,1.00000,last,3,rb_R0_xlsr1b_s0,3.00000,0.00000,0.00121,0.49041,0.39820
rb_R2_xlsr1b_s0,holdout,aug,2502,1227,0.99742,0.02998,0.06583,0.07868,0.04858,0.07735,0.02237,0.03677,-0.02192,0.00010,-0.01284,0.97400,last,3,rb_R0_xlsr1b_s0,3.00000,0.08290,0.12118,0.49041,0.39820
rb_R2_xlsr1b_s0,holdout,unseen,2502,1227,0.98909,0.05036,0.11606,0.12517,0.09399,0.13179,0.04157,0.05836,-0.02456,0.00436,-0.00912,0.90600,last,3,rb_R0_xlsr1b_s0,3.00000,0.12157,0.21890,0.51679,0.39820
rb_R2_xlsr1b_s0,holdout,device,2502,1227,1.00000,0.00000,0.00000,0.00358,0.00000,0.00000,0.00000,0.00000,-0.00627,0.00000,-0.00358,1.00000,last,3,rb_R0_xlsr1b_s0,3.00000,0.00157,0.00302,0.49121,0.39820
rb_R2_xlsr1b_s0,itw,clean,2500,1250,0.99867,0.01760,0.04251,0.03943,0.02731,0.05269,0.01160,0.02240,-0.00697,0.00732,0.00309,0.31400,last,3,rb_R0_xlsr1b_s0,3.00000,0.04503,0.07094,0.49320,0.39820
rb_R2_xlsr1b_s0,itw,aug,2500,1250,0.99102,0.05200,0.13154,0.13691,0.10651,0.15006,0.04240,0.06040,-0.01898,0.01166,-0.00537,0.72600,last,3,rb_R0_xlsr1b_s0,3.00000,0.13691,0.21215,0.48920,0.39820
rb_R2_xlsr1b_s0,itw,unseen,2500,1250,0.96283,0.11680,0.30434,0.28411,0.26697,0.32961,0.10439,0.12921,-0.00195,0.03829,0.02023,0.04300,last,3,rb_R0_xlsr1b_s0,3.00000,0.31771,0.45303,0.49600,0.39820
rb_R2_xlsr1b_s0,itw,device,2500,1250,0.99708,0.02720,0.06937,0.07234,0.05120,0.08172,0.02080,0.03360,-0.01510,0.00617,-0.00297,0.77500,last,3,rb_R0_xlsr1b_s0,3.00000,0.07417,0.11459,0.49040,0.39820
rb_R3_xlsr1b_s0,val,clean,2499,666,1.00000,0.00000,0.00000,0.00000,0.00000,0.00000,0.00000,0.00000,0.00000,0.00000,0.00000,1.00000,val,3,rb_R0_xlsr1b_s0,2.00000,,,,0.39362
rb_R3_xlsr1b_s0,val,aug,2499,666,0.99945,0.00914,0.02417,0.03360,0.01153,0.03853,0.00498,0.01719,-0.01949,0.00445,-0.00943,0.92000,val,3,rb_R0_xlsr1b_s0,2.00000,,,,0.39362
rb_R3_xlsr1b_s0,val,unseen,2499,666,0.99147,0.04619,0.12359,0.12233,0.09589,0.14403,0.03732,0.05819,-0.01855,0.01793,0.00126,0.53500,val,3,rb_R0_xlsr1b_s0,2.00000,,,,0.39362
rb_R3_xlsr1b_s0,val,device,2499,666,1.00000,0.00000,0.00000,0.00000,0.00000,0.00000,0.00000,0.00000,0.00000,0.00000,0.00000,1.00000,val,3,rb_R0_xlsr1b_s0,2.00000,,,,0.39362
rb_R3_xlsr1b_s0,holdout,clean,2502,1227,1.00000,0.00000,0.00000,0.00000,0.00000,0.00000,0.00000,0.00000,0.00000,0.00000,0.00000,1.00000,val,3,rb_R0_xlsr1b_s0,2.00000,0.00000,0.00139,0.49041,0.39362
rb_R3_xlsr1b_s0,holdout,aug,2502,1227,0.99763,0.02998,0.06686,0.07167,0.04978,0.07821,0.02278,0.03677,-0.01910,0.00611,-0.00480,0.84700,val,3,rb_R0_xlsr1b_s0,2.00000,0.08552,0.11706,0.48841,0.39362
rb_R3_xlsr1b_s0,holdout,unseen,2502,1227,0.99023,0.04796,0.11976,0.12429,0.09603,0.13422,0.03997,0.05555,-0.02191,0.01007,-0.00453,0.74500,val,3,rb_R0_xlsr1b_s0,2.00000,0.12679,0.21622,0.52278,0.39362
rb_R3_xlsr1b_s0,holdout,device,2502,1227,0.99999,0.00080,0.00218,0.00297,0.00000,0.00498,0.00000,0.00279,-0.00498,0.00314,-0.00078,0.68600,val,3,rb_R0_xlsr1b_s0,2.00000,0.00453,0.00616,0.49161,0.39362
rb_R3_xlsr1b_s0,itw,clean,2500,1250,0.99925,0.01520,0.03646,0.03966,0.02297,0.04572,0.00960,0.01920,-0.01520,0.00606,-0.00320,0.73600,val,3,rb_R0_xlsr1b_s0,2.00000,0.04480,0.06790,0.49200,0.39362
rb_R3_xlsr1b_s0,itw,aug,2500,1250,0.99260,0.04640,0.12149,0.13954,0.09897,0.14183,0.03800,0.05601,-0.03257,0.00423,-0.01806,0.94200,val,3,rb_R0_xlsr1b_s0,2.00000,0.13440,0.20045,0.48360,0.39362
rb_R3_xlsr1b_s0,itw,unseen,2500,1250,0.96514,0.10720,0.29006,0.29611,0.25600,0.31750,0.09680,0.12280,-0.02835,0.01865,-0.00606,0.63800,val,3,rb_R0_xlsr1b_s0,2.00000,0.29840,0.43271,0.48960,0.39362
rb_R3_xlsr1b_s0,itw,device,2500,1250,0.99751,0.02560,0.06869,0.06743,0.04868,0.07840,0.02000,0.03240,-0.01589,0.00891,0.00126,0.64300,val,3,rb_R0_xlsr1b_s0,2.00000,0.07463,0.12316,0.48520,0.39362
rb_R3_xlsr1b_s0,val,clean,2499,666,1.00000,0.00000,0.00000,0.00000,0.00000,0.00000,0.00000,0.00000,0.00000,0.00000,0.00000,1.00000,last,3,rb_R0_xlsr1b_s0,3.00000,,,,0.39362
rb_R3_xlsr1b_s0,val,aug,2499,666,0.99945,0.00914,0.02417,0.03548,0.01153,0.03853,0.00498,0.01719,-0.01903,0.00258,-0.01130,0.94400,last,3,rb_R0_xlsr1b_s0,3.00000,,,,0.39362
rb_R3_xlsr1b_s0,val,unseen,2499,666,0.99147,0.04619,0.12359,0.11180,0.09589,0.14403,0.03732,0.05819,-0.00718,0.02614,0.01179,0.12600,last,3,rb_R0_xlsr1b_s0,3.00000,,,,0.39362
rb_R3_xlsr1b_s0,val,device,2499,666,1.00000,0.00000,0.00000,0.00000,0.00000,0.00000,0.00000,0.00000,0.00000,0.00000,0.00000,1.00000,last,3,rb_R0_xlsr1b_s0,3.00000,,,,0.39362
rb_R3_xlsr1b_s0,holdout,clean,2502,1227,1.00000,0.00000,0.00000,0.00000,0.00000,0.00000,0.00000,0.00000,0.00000,0.00000,0.00000,1.00000,last,3,rb_R0_xlsr1b_s0,3.00000,0.00000,0.00139,0.49041,0.39362
rb_R3_xlsr1b_s0,holdout,aug,2502,1227,0.99763,0.02998,0.06686,0.07868,0.04978,0.07821,0.02278,0.03677,-0.02125,-0.00064,-0.01182,0.98200,last,3,rb_R0_xlsr1b_s0,3.00000,0.08552,0.11706,0.48841,0.39362
rb_R3_xlsr1b_s0,holdout,unseen,2502,1227,0.99023,0.04796,0.11976,0.12517,0.09603,0.13422,0.03997,0.05555,-0.02120,0.00655,-0.00542,0.85200,last,3,rb_R0_xlsr1b_s0,3.00000,0.12679,0.21622,0.52278,0.39362
rb_R3_xlsr1b_s0,holdout,device,2502,1227,0.99999,0.00080,0.00218,0.00358,0.00000,0.00498,0.00000,0.00279,-0.00515,0.00358,-0.00140,0.71700,last,3,rb_R0_xlsr1b_s0,3.00000,0.00453,0.00616,0.49161,0.39362
rb_R3_xlsr1b_s0,itw,clean,2500,1250,0.99925,0.01520,0.03646,0.03943,0.02297,0.04572,0.00960,0.01920,-0.01395,0.00526,-0.00297,0.75100,last,3,rb_R0_xlsr1b_s0,3.00000,0.04480,0.06790,0.49200,0.39362
rb_R3_xlsr1b_s0,itw,aug,2500,1250,0.99260,0.04640,0.12149,0.13691,0.09897,0.14183,0.03800,0.05601,-0.03063,0.00343,-0.01543,0.93600,last,3,rb_R0_xlsr1b_s0,3.00000,0.13440,0.20045,0.48360,0.39362
rb_R3_xlsr1b_s0,itw,unseen,2500,1250,0.96514,0.10720,0.29006,0.28411,0.25600,0.31750,0.09680,0.12280,-0.01886,0.02755,0.00594,0.32300,last,3,rb_R0_xlsr1b_s0,3.00000,0.29840,0.43271,0.48960,0.39362
rb_R3_xlsr1b_s0,itw,device,2500,1250,0.99751,0.02560,0.06869,0.07234,0.04868,0.07840,0.02000,0.03240,-0.01943,0.00514,-0.00366,0.86200,last,3,rb_R0_xlsr1b_s0,3.00000,0.07463,0.12316,0.48520,0.39362
views_mms1b_d6rall,val,clean,2499,666,1.00000,0.00000,0.00000,,0.00000,0.00000,0.00000,0.00000,,,,,val,0,,,,,,
views_mms1b_d6rall,val,aug,2499,666,0.99904,0.01801,0.03882,,0.02494,0.04788,0.01330,0.02429,,,,,val,0,,,,,,
views_mms1b_d6rall,val,unseen,2499,666,0.98829,0.05219,0.12966,,0.10276,0.15406,0.04202,0.06133,,,,,val,0,,,,,,
views_mms1b_d6rall,val,device,2499,666,0.99999,0.00157,0.00164,,0.00000,0.00327,0.00000,0.00287,,,,,val,0,,,,,,
views_mms1b_d6rall,holdout,clean,2502,1227,1.00000,0.00000,0.00000,,0.00000,0.00000,0.00000,0.00000,,,,,val,0,,,0.00140,0.00384,0.49001,
views_mms1b_d6rall,holdout,aug,2502,1227,0.99554,0.03677,0.09667,,0.07396,0.10932,0.02998,0.04517,,,,,val,0,,,0.11179,0.16916,0.48401,
views_mms1b_d6rall,holdout,unseen,2502,1227,0.98268,0.06515,0.15022,,0.12737,0.17223,0.05555,0.07713,,,,,val,0,,,0.15873,0.30025,0.52238,
views_mms1b_d6rall,holdout,device,2502,1227,0.99995,0.00320,0.00672,,0.00157,0.01047,0.00080,0.00519,,,,,val,0,,,0.00828,0.01695,0.49241,
views_mms1b_d6rall,itw,clean,2500,1250,0.99859,0.01760,0.04309,,0.03005,0.05646,0.01280,0.02280,,,,,val,0,,,0.05223,0.08943,0.51200,
views_mms1b_d6rall,itw,aug,2500,1250,0.98996,0.05920,0.15269,,0.12514,0.16733,0.04840,0.06761,,,,,val,0,,,0.16400,0.23392,0.51360,
views_mms1b_d6rall,itw,unseen,2500,1250,0.95919,0.11760,0.30629,,0.26925,0.33647,0.10479,0.13000,,,,,val,0,,,0.30777,0.49861,0.53120,
views_mms1b_d6rall,itw,device,2500,1250,0.99563,0.03760,0.08983,,0.06994,0.10709,0.02960,0.04441,,,,,val,0,,,0.09269,0.16714,0.51160,
views_mms1b_d6rall,val,clean,2499,666,1.00000,0.00000,0.00000,,0.00000,0.00000,0.00000,0.00000,,,,,last,0,,,,,,
views_mms1b_d6rall,val,aug,2499,666,0.99904,0.01801,0.03882,,0.02494,0.04788,0.01330,0.02429,,,,,last,0,,,,,,
views_mms1b_d6rall,val,unseen,2499,666,0.98829,0.05219,0.12966,,0.10276,0.15406,0.04202,0.06133,,,,,last,0,,,,,,
views_mms1b_d6rall,val,device,2499,666,0.99999,0.00157,0.00164,,0.00000,0.00327,0.00000,0.00287,,,,,last,0,,,,,,
views_mms1b_d6rall,holdout,clean,2502,1227,1.00000,0.00000,0.00000,,0.00000,0.00000,0.00000,0.00000,,,,,last,0,,,0.00140,0.00384,0.49001,
views_mms1b_d6rall,holdout,aug,2502,1227,0.99554,0.03677,0.09667,,0.07396,0.10932,0.02998,0.04517,,,,,last,0,,,0.11179,0.16916,0.48401,
views_mms1b_d6rall,holdout,unseen,2502,1227,0.98268,0.06515,0.15022,,0.12737,0.17223,0.05555,0.07713,,,,,last,0,,,0.15873,0.30025,0.52238,
views_mms1b_d6rall,holdout,device,2502,1227,0.99995,0.00320,0.00672,,0.00157,0.01047,0.00080,0.00519,,,,,last,0,,,0.00828,0.01695,0.49241,
views_mms1b_d6rall,itw,clean,2500,1250,0.99859,0.01760,0.04309,,0.03005,0.05646,0.01280,0.02280,,,,,last,0,,,0.05223,0.08943,0.51200,
views_mms1b_d6rall,itw,aug,2500,1250,0.98996,0.05920,0.15269,,0.12514,0.16733,0.04840,0.06761,,,,,last,0,,,0.16400,0.23392,0.51360,
views_mms1b_d6rall,itw,unseen,2500,1250,0.95919,0.11760,0.30629,,0.26925,0.33647,0.10479,0.13000,,,,,last,0,,,0.30777,0.49861,0.53120,
views_mms1b_d6rall,itw,device,2500,1250,0.99563,0.03760,0.08983,,0.06994,0.10709,0.02960,0.04441,,,,,last,0,,,0.09269,0.16714,0.51160,
views_xlsr1b_d6rall,val,clean,2499,666,1.00000,0.00000,0.00000,,0.00000,0.00000,0.00000,0.00000,,,,,val,0,,,,,,
views_xlsr1b_d6rall,val,aug,2499,666,0.99935,0.01515,0.03415,,0.01917,0.04571,0.00812,0.02115,,,,,val,0,,,,,,
views_xlsr1b_d6rall,val,unseen,2499,666,0.98929,0.04960,0.12366,,0.09582,0.14666,0.04072,0.05819,,,,,val,0,,,,,,
views_xlsr1b_d6rall,val,device,2499,666,1.00000,0.00000,0.00000,,0.00000,0.00000,0.00000,0.00000,,,,,val,0,,,,,,
views_xlsr1b_d6rall,holdout,clean,2502,1227,1.00000,0.00000,0.00000,,0.00000,0.00000,0.00000,0.00000,,,,,val,0,,,0.00235,0.00328,0.49161,
views_xlsr1b_d6rall,holdout,aug,2502,1227,0.99676,0.03437,0.07184,,0.05595,0.08579,0.02678,0.04157,,,,,val,0,,,0.10045,0.14764,0.48601,
views_xlsr1b_d6rall,holdout,unseen,2502,1227,0.98736,0.05395,0.12674,,0.10216,0.14486,0.04516,0.06275,,,,,val,0,,,0.12839,0.24493,0.51359,
views_xlsr1b_d6rall,holdout,device,2502,1227,0.99999,0.00160,0.00297,,0.00000,0.00637,0.00000,0.00320,,,,,val,0,,,0.01002,0.02024,0.49440,
views_xlsr1b_d6rall,itw,clean,2500,1250,0.99879,0.01600,0.03966,,0.02629,0.05234,0.01120,0.02201,,,,,val,0,,,0.05463,0.07027,0.51320,
views_xlsr1b_d6rall,itw,aug,2500,1250,0.99111,0.05360,0.14080,,0.11427,0.15406,0.04520,0.06360,,,,,val,0,,,0.14526,0.20646,0.53680,
views_xlsr1b_d6rall,itw,unseen,2500,1250,0.96239,0.11280,0.29486,,0.25771,0.31750,0.10080,0.12641,,,,,val,0,,,0.29760,0.44561,0.55760,
views_xlsr1b_d6rall,itw,device,2500,1250,0.99706,0.02560,0.06629,,0.04903,0.08263,0.01920,0.03360,,,,,val,0,,,0.09383,0.13258,0.52520,
views_xlsr1b_d6rall,val,clean,2499,666,1.00000,0.00000,0.00000,,0.00000,0.00000,0.00000,0.00000,,,,,last,0,,,,,,
views_xlsr1b_d6rall,val,aug,2499,666,0.99935,0.01515,0.03415,,0.01917,0.04571,0.00812,0.02115,,,,,last,0,,,,,,
views_xlsr1b_d6rall,val,unseen,2499,666,0.98929,0.04960,0.12366,,0.09582,0.14666,0.04072,0.05819,,,,,last,0,,,,,,
views_xlsr1b_d6rall,val,device,2499,666,1.00000,0.00000,0.00000,,0.00000,0.00000,0.00000,0.00000,,,,,last,0,,,,,,
views_xlsr1b_d6rall,holdout,clean,2502,1227,1.00000,0.00000,0.00000,,0.00000,0.00000,0.00000,0.00000,,,,,last,0,,,0.00235,0.00328,0.49161,
views_xlsr1b_d6rall,holdout,aug,2502,1227,0.99676,0.03437,0.07184,,0.05595,0.08579,0.02678,0.04157,,,,,last,0,,,0.10045,0.14764,0.48601,
views_xlsr1b_d6rall,holdout,unseen,2502,1227,0.98736,0.05395,0.12674,,0.10216,0.14486,0.04516,0.06275,,,,,last,0,,,0.12839,0.24493,0.51359,
views_xlsr1b_d6rall,holdout,device,2502,1227,0.99999,0.00160,0.00297,,0.00000,0.00637,0.00000,0.00320,,,,,last,0,,,0.01002,0.02024,0.49440,
views_xlsr1b_d6rall,itw,clean,2500,1250,0.99879,0.01600,0.03966,,0.02629,0.05234,0.01120,0.02201,,,,,last,0,,,0.05463,0.07027,0.51320,
views_xlsr1b_d6rall,itw,aug,2500,1250,0.99111,0.05360,0.14080,,0.11427,0.15406,0.04520,0.06360,,,,,last,0,,,0.14526,0.20646,0.53680,
views_xlsr1b_d6rall,itw,unseen,2500,1250,0.96239,0.11280,0.29486,,0.25771,0.31750,0.10080,0.12641,,,,,last,0,,,0.29760,0.44561,0.55760,
views_xlsr1b_d6rall,itw,device,2500,1250,0.99706,0.02560,0.06629,,0.04903,0.08263,0.01920,0.03360,,,,,last,0,,,0.09383,0.13258,0.52520,
views_xlsr2b_d6rall,val,clean,2499,666,1.00000,0.00157,0.00164,,0.00000,0.00327,0.00000,0.00314,,,,,val,0,,,,,,
views_xlsr2b_d6rall,val,aug,2499,666,0.99867,0.01644,0.04008,,0.02463,0.05566,0.01071,0.02347,,,,,val,0,,,,,,
views_xlsr2b_d6rall,val,unseen,2499,666,0.98234,0.07518,0.19625,,0.15953,0.22204,0.06447,0.08719,,,,,val,0,,,,,,
views_xlsr2b_d6rall,val,device,2499,666,0.99999,0.00184,0.00273,,0.00000,0.00491,0.00000,0.00416,,,,,val,0,,,,,,
views_xlsr2b_d6rall,holdout,clean,2502,1227,1.00000,0.00080,0.00078,,0.00000,0.00157,0.00000,0.00199,,,,,val,0,,,0.00218,0.00430,0.49041,
views_xlsr2b_d6rall,holdout,aug,2502,1227,0.99639,0.03597,0.08615,,0.06644,0.10165,0.02838,0.04317,,,,,val,0,,,0.10290,0.14353,0.48281,
views_xlsr2b_d6rall,holdout,unseen,2502,1227,0.98334,0.07434,0.18716,,0.15677,0.20645,0.06394,0.08433,,,,,val,0,,,0.18947,0.27140,0.51359,
views_xlsr2b_d6rall,holdout,device,2502,1227,1.00000,0.00080,0.00140,,0.00000,0.00279,0.00000,0.00238,,,,,val,0,,,0.00157,0.00439,0.49121,
views_xlsr2b_d6rall,itw,clean,2500,1250,0.99904,0.01520,0.04069,,0.02628,0.05154,0.01040,0.02080,,,,,val,0,,,0.04297,0.06675,0.49760,
views_xlsr2b_d6rall,itw,aug,2500,1250,0.99438,0.03920,0.10514,,0.08045,0.12035,0.03120,0.04800,,,,,val,0,,,0.10686,0.15165,0.49480,
views_xlsr2b_d6rall,itw,unseen,2500,1250,0.96870,0.10080,0.26331,,0.23040,0.28904,0.09080,0.11521,,,,,val,0,,,0.28446,0.39023,0.49240,
views_xlsr2b_d6rall,itw,device,2500,1250,0.99728,0.02480,0.06400,,0.04754,0.07829,0.01920,0.03160,,,,,val,0,,,0.06960,0.11470,0.49680,
views_xlsr2b_d6rall,val,clean,2499,666,1.00000,0.00157,0.00164,,0.00000,0.00327,0.00000,0.00314,,,,,last,0,,,,,,
views_xlsr2b_d6rall,val,aug,2499,666,0.99867,0.01644,0.04008,,0.02463,0.05566,0.01071,0.02347,,,,,last,0,,,,,,
views_xlsr2b_d6rall,val,unseen,2499,666,0.98234,0.07518,0.19625,,0.15953,0.22204,0.06447,0.08719,,,,,last,0,,,,,,
views_xlsr2b_d6rall,val,device,2499,666,0.99999,0.00184,0.00273,,0.00000,0.00491,0.00000,0.00416,,,,,last,0,,,,,,
views_xlsr2b_d6rall,holdout,clean,2502,1227,1.00000,0.00080,0.00078,,0.00000,0.00157,0.00000,0.00199,,,,,last,0,,,0.00218,0.00430,0.49041,
views_xlsr2b_d6rall,holdout,aug,2502,1227,0.99639,0.03597,0.08615,,0.06644,0.10165,0.02838,0.04317,,,,,last,0,,,0.10290,0.14353,0.48281,
views_xlsr2b_d6rall,holdout,unseen,2502,1227,0.98334,0.07434,0.18716,,0.15677,0.20645,0.06394,0.08433,,,,,last,0,,,0.18947,0.27140,0.51359,
views_xlsr2b_d6rall,holdout,device,2502,1227,1.00000,0.00080,0.00140,,0.00000,0.00279,0.00000,0.00238,,,,,last,0,,,0.00157,0.00439,0.49121,
views_xlsr2b_d6rall,itw,clean,2500,1250,0.99904,0.01520,0.04069,,0.02628,0.05154,0.01040,0.02080,,,,,last,0,,,0.04297,0.06675,0.49760,
views_xlsr2b_d6rall,itw,aug,2500,1250,0.99438,0.03920,0.10514,,0.08045,0.12035,0.03120,0.04800,,,,,last,0,,,0.10686,0.15165,0.49480,
views_xlsr2b_d6rall,itw,unseen,2500,1250,0.96870,0.10080,0.26331,,0.23040,0.28904,0.09080,0.11521,,,,,last,0,,,0.28446,0.39023,0.49240,
views_xlsr2b_d6rall,itw,device,2500,1250,0.99728,0.02480,0.06400,,0.04754,0.07829,0.01920,0.03160,,,,,last,0,,,0.06960,0.11470,0.49680,
xlsr1b_d6rall,val,clean,2499,666,1.00000,0.00000,0.00000,,0.00000,0.00000,0.00000,0.00000,,,,,val,2,,,,,,
xlsr1b_d6rall,val,aug,2499,666,0.99933,0.01515,0.03360,,0.01894,0.04608,0.00914,0.02115,,,,,val,2,,,,,,
xlsr1b_d6rall,holdout,clean,2502,1227,1.00000,0.00000,0.00000,,0.00000,0.00000,0.00000,0.00000,,,,,val,2,,,0.00157,0.00318,0.49121,
xlsr1b_d6rall,holdout,aug,2502,1227,0.99677,0.03517,0.07167,,0.05516,0.08545,0.02678,0.04157,,,,,val,2,,,0.10045,0.14781,0.48601,
xlsr1b_d6rall,itw,clean,2500,1250,0.99877,0.01560,0.03966,,0.02617,0.05246,0.01120,0.02161,,,,,val,2,,,0.05463,0.07024,0.51320,
xlsr1b_d6rall,itw,aug,2500,1250,0.99120,0.05440,0.13954,,0.11257,0.15429,0.04560,0.06440,,,,,val,2,,,0.14263,0.20622,0.53440,
xlsr1b_d6rall,val,clean,2499,666,1.00000,0.00000,0.00000,,0.00000,0.00000,0.00000,0.00000,,,,,last,3,,,,,,
xlsr1b_d6rall,val,aug,2499,666,0.99936,0.01358,0.03548,,0.01808,0.04734,0.00757,0.02088,,,,,last,3,,,,,,
xlsr1b_d6rall,holdout,clean,2502,1227,1.00000,0.00000,0.00000,,0.00000,0.00000,0.00000,0.00000,,,,,last,3,,,0.00000,0.00163,0.49041,
xlsr1b_d6rall,holdout,aug,2502,1227,0.99688,0.03277,0.07868,,0.05914,0.09074,0.02477,0.03958,,,,,last,3,,,0.09434,0.14151,0.48401,
xlsr1b_d6rall,itw,clean,2500,1250,0.99877,0.01840,0.03943,,0.02628,0.05212,0.01200,0.02321,,,,,last,3,,,0.04571,0.06479,0.49680,
xlsr1b_d6rall,itw,aug,2500,1250,0.99123,0.05520,0.13691,,0.11291,0.15486,0.04560,0.06400,,,,,last,3,,,0.14617,0.19573,0.50360,
xlsr1b_d6rall_s1,val,clean,2499,666,1.00000,0.00000,0.00000,,0.00000,0.00000,0.00000,0.00000,,,,,val,3,,,,,,
xlsr1b_d6rall_s1,val,aug,2499,666,0.99928,0.01228,0.03166,,0.01715,0.04359,0.00757,0.01904,,,,,val,3,,,,,,
xlsr1b_d6rall_s1,holdout,clean,2502,1227,1.00000,0.00000,0.00000,,0.00000,0.00000,0.00000,0.00000,,,,,val,3,,,0.00078,0.00295,0.49081,
xlsr1b_d6rall_s1,holdout,aug,2502,1227,0.99690,0.03117,0.07177,,0.05318,0.08479,0.02278,0.03718,,,,,val,3,,,0.08027,0.12538,0.49241,
xlsr1b_d6rall_s1,itw,clean,2500,1250,0.99851,0.01920,0.04229,,0.02914,0.05715,0.01280,0.02520,,,,,val,3,,,0.05211,0.07539,0.50000,
xlsr1b_d6rall_s1,itw,aug,2500,1250,0.99102,0.05040,0.12754,,0.10480,0.14652,0.04160,0.05840,,,,,val,3,,,0.13074,0.20643,0.51000,
xlsr1b_d6rall_s1,val,clean,2499,666,1.00000,0.00000,0.00000,,0.00000,0.00000,0.00000,0.00000,,,,,last,3,,,,,,
xlsr1b_d6rall_s1,val,aug,2499,666,0.99928,0.01228,0.03166,,0.01715,0.04359,0.00757,0.01904,,,,,last,3,,,,,,
xlsr1b_d6rall_s1,holdout,clean,2502,1227,1.00000,0.00000,0.00000,,0.00000,0.00000,0.00000,0.00000,,,,,last,3,,,0.00078,0.00295,0.49081,
xlsr1b_d6rall_s1,holdout,aug,2502,1227,0.99690,0.03117,0.07177,,0.05318,0.08479,0.02278,0.03718,,,,,last,3,,,0.08027,0.12538,0.49241,
xlsr1b_d6rall_s1,itw,clean,2500,1250,0.99851,0.01920,0.04229,,0.02914,0.05715,0.01280,0.02520,,,,,last,3,,,0.05211,0.07539,0.50000,
xlsr1b_d6rall_s1,itw,aug,2500,1250,0.99102,0.05040,0.12754,,0.10480,0.14652,0.04160,0.05840,,,,,last,3,,,0.13074,0.20643,0.51000,
xlsr2b_d6rall,val,clean,2499,666,1.00000,0.00157,0.00164,,0.00000,0.00273,0.00000,0.00314,,,,,val,3,,,,,,
xlsr2b_d6rall,val,aug,2499,666,0.99867,0.01358,0.03680,,0.02230,0.05389,0.01044,0.02272,,,,,val,3,,,,,,
xlsr2b_d6rall,holdout,clean,2502,1227,1.00000,0.00080,0.00140,,0.00000,0.00279,0.00000,0.00240,,,,,val,3,,,0.00218,0.00424,0.49041,
xlsr2b_d6rall,holdout,aug,2502,1227,0.99638,0.03677,0.08922,,0.06863,0.10294,0.02838,0.04397,,,,,val,3,,,0.09635,0.14200,0.48281,
xlsr2b_d6rall,itw,clean,2500,1250,0.99904,0.01520,0.04046,,0.02640,0.05097,0.01040,0.02080,,,,,val,3,,,0.04103,0.06593,0.49880,
xlsr2b_d6rall,itw,aug,2500,1250,0.99436,0.03920,0.10411,,0.08045,0.11966,0.03120,0.04760,,,,,val,3,,,0.10731,0.15108,0.49720,
xlsr2b_d6rall,val,clean,2499,666,1.00000,0.00157,0.00164,,0.00000,0.00273,0.00000,0.00314,,,,,last,3,,,,,,
xlsr2b_d6rall,val,aug,2499,666,0.99867,0.01358,0.03680,,0.02230,0.05389,0.01044,0.02272,,,,,last,3,,,,,,
xlsr2b_d6rall,holdout,clean,2502,1227,1.00000,0.00080,0.00140,,0.00000,0.00279,0.00000,0.00240,,,,,last,3,,,0.00218,0.00424,0.49041,
xlsr2b_d6rall,holdout,aug,2502,1227,0.99638,0.03677,0.08922,,0.06863,0.10294,0.02838,0.04397,,,,,last,3,,,0.09635,0.14200,0.48281,
xlsr2b_d6rall,itw,clean,2500,1250,0.99904,0.01520,0.04046,,0.02640,0.05097,0.01040,0.02080,,,,,last,3,,,0.04103,0.06593,0.49880,
xlsr2b_d6rall,itw,aug,2500,1250,0.99436,0.03920,0.10411,,0.08045,0.11966,0.03120,0.04760,,,,,last,3,,,0.10731,0.15108,0.49720,
mms1b_d6rall,val,clean,2499,666,1.00000,0.00000,0.00000,,0.00000,0.00000,0.00000,0.00000,,,,,val,3,,,,,,
mms1b_d6rall,val,aug,2499,666,0.99904,0.01958,0.03773,,0.02509,0.04912,0.01303,0.02401,,,,,val,3,,,,,,
mms1b_d6rall,holdout,clean,2502,1227,1.00000,0.00000,0.00000,,0.00000,0.00000,0.00000,0.00000,,,,,val,3,,,0.00140,0.00414,0.49001,
mms1b_d6rall,holdout,aug,2502,1227,0.99551,0.03757,0.09334,,0.07284,0.10903,0.02998,0.04556,,,,,val,3,,,0.11101,0.17077,0.48361,
mms1b_d6rall,itw,clean,2500,1250,0.99860,0.01760,0.04171,,0.02880,0.05486,0.01240,0.02280,,,,,val,3,,,0.05063,0.08951,0.51120,
mms1b_d6rall,itw,aug,2500,1250,0.98991,0.06000,0.15131,,0.12514,0.16811,0.04880,0.06800,,,,,val,3,,,0.16400,0.23487,0.51360,
mms1b_d6rall,val,clean,2499,666,1.00000,0.00000,0.00000,,0.00000,0.00000,0.00000,0.00000,,,,,last,3,,,,,,
mms1b_d6rall,val,aug,2499,666,0.99904,0.01958,0.03773,,0.02509,0.04912,0.01303,0.02401,,,,,last,3,,,,,,
mms1b_d6rall,holdout,clean,2502,1227,1.00000,0.00000,0.00000,,0.00000,0.00000,0.00000,0.00000,,,,,last,3,,,0.00140,0.00414,0.49001,
mms1b_d6rall,holdout,aug,2502,1227,0.99551,0.03757,0.09334,,0.07284,0.10903,0.02998,0.04556,,,,,last,3,,,0.11101,0.17077,0.48361,
mms1b_d6rall,itw,clean,2500,1250,0.99860,0.01760,0.04171,,0.02880,0.05486,0.01240,0.02280,,,,,last,3,,,0.05063,0.08951,0.51120,
mms1b_d6rall,itw,aug,2500,1250,0.98991,0.06000,0.15131,,0.12514,0.16811,0.04880,0.06800,,,,,last,3,,,0.16400,0.23487,0.51360,
