run,epoch,set,view,n,min_dcf,eer
rb_R0_xlsr1b_s0,0,holdout,clean,2502,0.04407,0.01798
rb_R0_xlsr1b_s0,0,holdout,aug,2502,0.34707,0.13389
rb_R0_xlsr1b_s0,0,holdout,unseen,2502,0.55631,0.22143
rb_R0_xlsr1b_s0,0,holdout,device,2502,0.05079,0.01878
rb_R0_xlsr1b_s0,0,itw,clean,2500,0.05017,0.02080
rb_R0_xlsr1b_s0,0,itw,aug,2500,0.25417,0.09480
rb_R0_xlsr1b_s0,0,itw,unseen,2500,0.50103,0.18880
rb_R0_xlsr1b_s0,0,itw,device,2500,0.07989,0.03280
rb_R0_xlsr1b_s0,0,val,clean,2499,0.04132,0.01801
rb_R0_xlsr1b_s0,0,val,aug,2499,0.36591,0.14409
rb_R0_xlsr1b_s0,0,val,unseen,2499,0.61932,0.23414
rb_R0_xlsr1b_s0,0,val,device,2499,0.04577,0.01699
rb_R0_xlsr1b_s0,1,holdout,clean,2502,0.00000,0.00000
rb_R0_xlsr1b_s0,1,holdout,aug,2502,0.10816,0.04397
rb_R0_xlsr1b_s0,1,holdout,unseen,2502,0.18878,0.07434
rb_R0_xlsr1b_s0,1,holdout,device,2502,0.00716,0.00320
rb_R0_xlsr1b_s0,1,itw,clean,2500,0.04217,0.01680
rb_R0_xlsr1b_s0,1,itw,aug,2500,0.13269,0.05320
rb_R0_xlsr1b_s0,1,itw,unseen,2500,0.29109,0.11480
rb_R0_xlsr1b_s0,1,itw,device,2500,0.07040,0.03040
rb_R0_xlsr1b_s0,1,val,clean,2499,0.00000,0.00000
rb_R0_xlsr1b_s0,1,val,aug,2499,0.04951,0.02115
rb_R0_xlsr1b_s0,1,val,unseen,2499,0.17908,0.07388
rb_R0_xlsr1b_s0,1,val,device,2499,0.00491,0.00314
rb_R0_xlsr1b_s0,2,holdout,clean,2502,0.00000,0.00000
rb_R0_xlsr1b_s0,2,holdout,aug,2502,0.07167,0.03517
rb_R0_xlsr1b_s0,2,holdout,unseen,2502,0.12429,0.05475
rb_R0_xlsr1b_s0,2,holdout,device,2502,0.00297,0.00160
rb_R0_xlsr1b_s0,2,itw,clean,2500,0.03966,0.01560
rb_R0_xlsr1b_s0,2,itw,aug,2500,0.13954,0.05440
rb_R0_xlsr1b_s0,2,itw,unseen,2500,0.29611,0.11560
rb_R0_xlsr1b_s0,2,itw,device,2500,0.06743,0.02640
rb_R0_xlsr1b_s0,2,val,clean,2499,0.00000,0.00000
rb_R0_xlsr1b_s0,2,val,aug,2499,0.03360,0.01515
rb_R0_xlsr1b_s0,2,val,unseen,2499,0.12233,0.04960
rb_R0_xlsr1b_s0,2,val,device,2499,0.00000,0.00000
rb_R0_xlsr1b_s0,3,holdout,clean,2502,0.00000,0.00000
rb_R0_xlsr1b_s0,3,holdout,aug,2502,0.07868,0.03277
rb_R0_xlsr1b_s0,3,holdout,unseen,2502,0.12517,0.05395
rb_R0_xlsr1b_s0,3,holdout,device,2502,0.00358,0.00160
rb_R0_xlsr1b_s0,3,itw,clean,2500,0.03943,0.01840
rb_R0_xlsr1b_s0,3,itw,aug,2500,0.13691,0.05520
rb_R0_xlsr1b_s0,3,itw,unseen,2500,0.28411,0.11440
rb_R0_xlsr1b_s0,3,itw,device,2500,0.07234,0.02880
rb_R0_xlsr1b_s0,3,val,clean,2499,0.00000,0.00000
rb_R0_xlsr1b_s0,3,val,aug,2499,0.03548,0.01358
rb_R0_xlsr1b_s0,3,val,unseen,2499,0.11180,0.04803
rb_R0_xlsr1b_s0,3,val,device,2499,0.00000,0.00000
rb_R0_xlsr1b_s1,0,holdout,clean,2502,0.04407,0.01798
rb_R0_xlsr1b_s1,0,holdout,aug,2502,0.34707,0.13389
rb_R0_xlsr1b_s1,0,holdout,unseen,2502,0.55631,0.22143
rb_R0_xlsr1b_s1,0,holdout,device,2502,0.05079,0.01878
rb_R0_xlsr1b_s1,0,itw,clean,2500,0.05017,0.02080
rb_R0_xlsr1b_s1,0,itw,aug,2500,0.25417,0.09480
rb_R0_xlsr1b_s1,0,itw,unseen,2500,0.50103,0.18880
rb_R0_xlsr1b_s1,0,itw,device,2500,0.07989,0.03280
rb_R0_xlsr1b_s1,0,val,clean,2499,0.04132,0.01801
rb_R0_xlsr1b_s1,0,val,aug,2499,0.36591,0.14409
rb_R0_xlsr1b_s1,0,val,unseen,2499,0.61932,0.23414
rb_R0_xlsr1b_s1,0,val,device,2499,0.04577,0.01699
rb_R0_xlsr1b_s1,1,holdout,clean,2502,0.00000,0.00000
rb_R0_xlsr1b_s1,1,holdout,aug,2502,0.09490,0.03917
rb_R0_xlsr1b_s1,1,holdout,unseen,2502,0.18709,0.07195
rb_R0_xlsr1b_s1,1,holdout,device,2502,0.00672,0.00400
rb_R0_xlsr1b_s1,1,itw,clean,2500,0.04869,0.01920
rb_R0_xlsr1b_s1,1,itw,aug,2500,0.14377,0.05600
rb_R0_xlsr1b_s1,1,itw,unseen,2500,0.29406,0.11280
rb_R0_xlsr1b_s1,1,itw,device,2500,0.09234,0.03520
rb_R0_xlsr1b_s1,1,val,clean,2499,0.00000,0.00000
rb_R0_xlsr1b_s1,1,val,aug,2499,0.04826,0.02245
rb_R0_xlsr1b_s1,1,val,unseen,2499,0.18088,0.07464
rb_R0_xlsr1b_s1,1,val,device,2499,0.00055,0.00027
rb_R0_xlsr1b_s1,2,holdout,clean,2502,0.00218,0.00080
rb_R0_xlsr1b_s1,2,holdout,aug,2502,0.08476,0.03357
rb_R0_xlsr1b_s1,2,holdout,unseen,2502,0.14280,0.05555
rb_R0_xlsr1b_s1,2,holdout,device,2502,0.00985,0.00480
rb_R0_xlsr1b_s1,2,itw,clean,2500,0.04914,0.01920
rb_R0_xlsr1b_s1,2,itw,aug,2500,0.12606,0.04800
rb_R0_xlsr1b_s1,2,itw,unseen,2500,0.25177,0.09920
rb_R0_xlsr1b_s1,2,itw,device,2500,0.07909,0.03040
rb_R0_xlsr1b_s1,2,val,clean,2499,0.00000,0.00000
rb_R0_xlsr1b_s1,2,val,aug,2499,0.03890,0.01644
rb_R0_xlsr1b_s1,2,val,unseen,2499,0.13075,0.05117
rb_R0_xlsr1b_s1,2,val,device,2499,0.00000,0.00000
rb_R0_xlsr1b_s1,3,holdout,clean,2502,0.00000,0.00000
rb_R0_xlsr1b_s1,3,holdout,aug,2502,0.07177,0.03117
rb_R0_xlsr1b_s1,3,holdout,unseen,2502,0.12767,0.05395
rb_R0_xlsr1b_s1,3,holdout,device,2502,0.00593,0.00240
rb_R0_xlsr1b_s1,3,itw,clean,2500,0.04229,0.01920
rb_R0_xlsr1b_s1,3,itw,aug,2500,0.12754,0.05040
rb_R0_xlsr1b_s1,3,itw,unseen,2500,0.25966,0.10640
rb_R0_xlsr1b_s1,3,itw,device,2500,0.07611,0.02960
rb_R0_xlsr1b_s1,3,val,clean,2499,0.00000,0.00000
rb_R0_xlsr1b_s1,3,val,aug,2499,0.03166,0.01228
rb_R0_xlsr1b_s1,3,val,unseen,2499,0.12552,0.04803
rb_R0_xlsr1b_s1,3,val,device,2499,0.00000,0.00000
rb_R1_xlsr1b_s0,0,holdout,clean,2502,0.04407,0.01798
rb_R1_xlsr1b_s0,0,holdout,aug,2502,0.34707,0.13389
rb_R1_xlsr1b_s0,0,holdout,unseen,2502,0.55631,0.22143
rb_R1_xlsr1b_s0,0,holdout,device,2502,0.05079,0.01878
rb_R1_xlsr1b_s0,0,itw,clean,2500,0.05017,0.02080
rb_R1_xlsr1b_s0,0,itw,aug,2500,0.25417,0.09480
rb_R1_xlsr1b_s0,0,itw,unseen,2500,0.50103,0.18880
rb_R1_xlsr1b_s0,0,itw,device,2500,0.07989,0.03280
rb_R1_xlsr1b_s0,0,val,clean,2499,0.04132,0.01801
rb_R1_xlsr1b_s0,0,val,aug,2499,0.36591,0.14409
rb_R1_xlsr1b_s0,0,val,unseen,2499,0.61932,0.23414
rb_R1_xlsr1b_s0,0,val,device,2499,0.04577,0.01699
rb_R1_xlsr1b_s0,1,holdout,clean,2502,0.00279,0.00160
rb_R1_xlsr1b_s0,1,holdout,aug,2502,0.10395,0.04157
rb_R1_xlsr1b_s0,1,holdout,unseen,2502,0.16500,0.07354
rb_R1_xlsr1b_s0,1,holdout,device,2502,0.00654,0.00240
rb_R1_xlsr1b_s0,1,itw,clean,2500,0.04617,0.01760
rb_R1_xlsr1b_s0,1,itw,aug,2500,0.13783,0.05280
rb_R1_xlsr1b_s0,1,itw,unseen,2500,0.28834,0.11160
rb_R1_xlsr1b_s0,1,itw,device,2500,0.08320,0.03280
rb_R1_xlsr1b_s0,1,val,clean,2499,0.00000,0.00000
rb_R1_xlsr1b_s0,1,val,aug,2499,0.04811,0.01985
rb_R1_xlsr1b_s0,1,val,unseen,2499,0.18619,0.07361
rb_R1_xlsr1b_s0,1,val,device,2499,0.00436,0.00287
rb_R1_xlsr1b_s0,2,holdout,clean,2502,0.00140,0.00080
rb_R1_xlsr1b_s0,2,holdout,aug,2502,0.07152,0.03197
rb_R1_xlsr1b_s0,2,holdout,unseen,2502,0.12910,0.05235
rb_R1_xlsr1b_s0,2,holdout,device,2502,0.00716,0.00320
rb_R1_xlsr1b_s0,2,itw,clean,2500,0.03703,0.01600
rb_R1_xlsr1b_s0,2,itw,aug,2500,0.13166,0.05200
rb_R1_xlsr1b_s0,2,itw,unseen,2500,0.27223,0.10160
rb_R1_xlsr1b_s0,2,itw,device,2500,0.07874,0.03200
rb_R1_xlsr1b_s0,2,val,clean,2499,0.00000,0.00000
rb_R1_xlsr1b_s0,2,val,aug,2499,0.03415,0.01515
rb_R1_xlsr1b_s0,2,val,unseen,2499,0.11507,0.04619
rb_R1_xlsr1b_s0,2,val,device,2499,0.00164,0.00157
rb_R1_xlsr1b_s0,3,holdout,clean,2502,0.00140,0.00080
rb_R1_xlsr1b_s0,3,holdout,aug,2502,0.07159,0.03078
rb_R1_xlsr1b_s0,3,holdout,unseen,2502,0.11905,0.04716
rb_R1_xlsr1b_s0,3,holdout,device,2502,0.00471,0.00320
rb_R1_xlsr1b_s0,3,itw,clean,2500,0.04331,0.01840
rb_R1_xlsr1b_s0,3,itw,aug,2500,0.13829,0.05480
rb_R1_xlsr1b_s0,3,itw,unseen,2500,0.28709,0.10960
rb_R1_xlsr1b_s0,3,itw,device,2500,0.08594,0.03280
rb_R1_xlsr1b_s0,3,val,clean,2499,0.00000,0.00000
rb_R1_xlsr1b_s0,3,val,aug,2499,0.03338,0.01358
rb_R1_xlsr1b_s0,3,val,unseen,2499,0.10494,0.04359
rb_R1_xlsr1b_s0,3,val,device,2499,0.00000,0.00000
rb_R2_xlsr1b_s0,0,holdout,clean,2502,0.04407,0.01798
rb_R2_xlsr1b_s0,0,holdout,aug,2502,0.34707,0.13389
rb_R2_xlsr1b_s0,0,holdout,unseen,2502,0.55631,0.22143
rb_R2_xlsr1b_s0,0,holdout,device,2502,0.05079,0.01878
rb_R2_xlsr1b_s0,0,itw,clean,2500,0.05017,0.02080
rb_R2_xlsr1b_s0,0,itw,aug,2500,0.25417,0.09480
rb_R2_xlsr1b_s0,0,itw,unseen,2500,0.50103,0.18880
rb_R2_xlsr1b_s0,0,itw,device,2500,0.07989,0.03280
rb_R2_xlsr1b_s0,0,val,clean,2499,0.04132,0.01801
rb_R2_xlsr1b_s0,0,val,aug,2499,0.36591,0.14409
rb_R2_xlsr1b_s0,0,val,unseen,2499,0.61932,0.23414
rb_R2_xlsr1b_s0,0,val,device,2499,0.04577,0.01699
rb_R2_xlsr1b_s0,1,holdout,clean,2502,0.00000,0.00000
rb_R2_xlsr1b_s0,1,holdout,aug,2502,0.09620,0.03878
rb_R2_xlsr1b_s0,1,holdout,unseen,2502,0.18802,0.07714
rb_R2_xlsr1b_s0,1,holdout,device,2502,0.00218,0.00080
rb_R2_xlsr1b_s0,1,itw,clean,2500,0.06149,0.02320
rb_R2_xlsr1b_s0,1,itw,aug,2500,0.16160,0.06800
rb_R2_xlsr1b_s0,1,itw,unseen,2500,0.33474,0.13680
rb_R2_xlsr1b_s0,1,itw,device,2500,0.09680,0.03680
rb_R2_xlsr1b_s0,1,val,clean,2499,0.00000,0.00000
rb_R2_xlsr1b_s0,1,val,aug,2499,0.05029,0.02060
rb_R2_xlsr1b_s0,1,val,unseen,2499,0.19773,0.07464
rb_R2_xlsr1b_s0,1,val,device,2499,0.00000,0.00000
rb_R2_xlsr1b_s0,2,holdout,clean,2502,0.00000,0.00000
rb_R2_xlsr1b_s0,2,holdout,aug,2502,0.06978,0.03277
rb_R2_xlsr1b_s0,2,holdout,unseen,2502,0.11878,0.04956
rb_R2_xlsr1b_s0,2,holdout,device,2502,0.00498,0.00240
rb_R2_xlsr1b_s0,2,itw,clean,2500,0.04000,0.01680
rb_R2_xlsr1b_s0,2,itw,aug,2500,0.13954,0.05440
rb_R2_xlsr1b_s0,2,itw,unseen,2500,0.29566,0.11040
rb_R2_xlsr1b_s0,2,itw,device,2500,0.07200,0.02880
rb_R2_xlsr1b_s0,2,val,clean,2499,0.00000,0.00000
rb_R2_xlsr1b_s0,2,val,aug,2499,0.02987,0.01201
rb_R2_xlsr1b_s0,2,val,unseen,2499,0.12591,0.05089
rb_R2_xlsr1b_s0,2,val,device,2499,0.00000,0.00000
rb_R2_xlsr1b_s0,3,holdout,clean,2502,0.00000,0.00000
rb_R2_xlsr1b_s0,3,holdout,aug,2502,0.06583,0.02998
rb_R2_xlsr1b_s0,3,holdout,unseen,2502,0.11606,0.05036
rb_R2_xlsr1b_s0,3,holdout,device,2502,0.00000,0.00000
rb_R2_xlsr1b_s0,3,itw,clean,2500,0.04251,0.01760
rb_R2_xlsr1b_s0,3,itw,aug,2500,0.13154,0.05200
rb_R2_xlsr1b_s0,3,itw,unseen,2500,0.30434,0.11680
rb_R2_xlsr1b_s0,3,itw,device,2500,0.06937,0.02720
rb_R2_xlsr1b_s0,3,val,clean,2499,0.00000,0.00000
rb_R2_xlsr1b_s0,3,val,aug,2499,0.03166,0.01228
rb_R2_xlsr1b_s0,3,val,unseen,2499,0.12654,0.05219
rb_R2_xlsr1b_s0,3,val,device,2499,0.00000,0.00000
rb_R3_xlsr1b_s0,0,holdout,clean,2502,0.04407,0.01798
rb_R3_xlsr1b_s0,0,holdout,aug,2502,0.34707,0.13389
rb_R3_xlsr1b_s0,0,holdout,unseen,2502,0.55631,0.22143
rb_R3_xlsr1b_s0,0,holdout,device,2502,0.05079,0.01878
rb_R3_xlsr1b_s0,0,itw,clean,2500,0.05017,0.02080
rb_R3_xlsr1b_s0,0,itw,aug,2500,0.25417,0.09480
rb_R3_xlsr1b_s0,0,itw,unseen,2500,0.50103,0.18880
rb_R3_xlsr1b_s0,0,itw,device,2500,0.07989,0.03280
rb_R3_xlsr1b_s0,0,val,clean,2499,0.04132,0.01801
rb_R3_xlsr1b_s0,0,val,aug,2499,0.36591,0.14409
rb_R3_xlsr1b_s0,0,val,unseen,2499,0.61932,0.23414
rb_R3_xlsr1b_s0,0,val,device,2499,0.04577,0.01699
rb_R3_xlsr1b_s0,1,holdout,clean,2502,0.00000,0.00000
rb_R3_xlsr1b_s0,1,holdout,aug,2502,0.09875,0.03917
rb_R3_xlsr1b_s0,1,holdout,unseen,2502,0.18942,0.07674
rb_R3_xlsr1b_s0,1,holdout,device,2502,0.00218,0.00080
rb_R3_xlsr1b_s0,1,itw,clean,2500,0.04857,0.02080
rb_R3_xlsr1b_s0,1,itw,aug,2500,0.12971,0.05200
rb_R3_xlsr1b_s0,1,itw,unseen,2500,0.31200,0.12160
rb_R3_xlsr1b_s0,1,itw,device,2500,0.07703,0.03040
rb_R3_xlsr1b_s0,1,val,clean,2499,0.00000,0.00000
rb_R3_xlsr1b_s0,1,val,aug,2499,0.05426,0.02245
rb_R3_xlsr1b_s0,1,val,unseen,2499,0.18157,0.07518
rb_R3_xlsr1b_s0,1,val,device,2499,0.00000,0.00000
rb_R3_xlsr1b_s0,2,holdout,clean,2502,0.00000,0.00000
rb_R3_xlsr1b_s0,2,holdout,aug,2502,0.07162,0.02758
rb_R3_xlsr1b_s0,2,holdout,unseen,2502,0.12307,0.05116
rb_R3_xlsr1b_s0,2,holdout,device,2502,0.00140,0.00080
rb_R3_xlsr1b_s0,2,itw,clean,2500,0.03509,0.01360
rb_R3_xlsr1b_s0,2,itw,aug,2500,0.11931,0.04480
rb_R3_xlsr1b_s0,2,itw,unseen,2500,0.28137,0.10720
rb_R3_xlsr1b_s0,2,itw,device,2500,0.05840,0.02400
rb_R3_xlsr1b_s0,2,val,clean,2499,0.00000,0.00000
rb_R3_xlsr1b_s0,2,val,aug,2499,0.02947,0.01173
rb_R3_xlsr1b_s0,2,val,unseen,2499,0.12850,0.04960
rb_R3_xlsr1b_s0,2,val,device,2499,0.00000,0.00000
rb_R3_xlsr1b_s0,3,holdout,clean,2502,0.00000,0.00000
rb_R3_xlsr1b_s0,3,holdout,aug,2502,0.06686,0.02998
rb_R3_xlsr1b_s0,3,holdout,unseen,2502,0.11976,0.04796
rb_R3_xlsr1b_s0,3,holdout,device,2502,0.00218,0.00080
rb_R3_xlsr1b_s0,3,itw,clean,2500,0.03646,0.01520
rb_R3_xlsr1b_s0,3,itw,aug,2500,0.12149,0.04640
rb_R3_xlsr1b_s0,3,itw,unseen,2500,0.29006,0.10720
rb_R3_xlsr1b_s0,3,itw,device,2500,0.06869,0.02560
rb_R3_xlsr1b_s0,3,val,clean,2499,0.00000,0.00000
rb_R3_xlsr1b_s0,3,val,aug,2499,0.02417,0.00914
rb_R3_xlsr1b_s0,3,val,unseen,2499,0.12359,0.04619
rb_R3_xlsr1b_s0,3,val,device,2499,0.00000,0.00000
views_mms1b_d6rall,0,holdout,clean,2502,0.00000,0.00000
views_mms1b_d6rall,0,holdout,aug,2502,0.09667,0.03677
views_mms1b_d6rall,0,holdout,unseen,2502,0.15022,0.06515
views_mms1b_d6rall,0,holdout,device,2502,0.00672,0.00320
views_mms1b_d6rall,0,itw,clean,2500,0.04309,0.01760
views_mms1b_d6rall,0,itw,aug,2500,0.15269,0.05920
views_mms1b_d6rall,0,itw,unseen,2500,0.30629,0.11760
views_mms1b_d6rall,0,itw,device,2500,0.08983,0.03760
views_mms1b_d6rall,0,val,clean,2499,0.00000,0.00000
views_mms1b_d6rall,0,val,aug,2499,0.03882,0.01801
views_mms1b_d6rall,0,val,unseen,2499,0.12966,0.05219
views_mms1b_d6rall,0,val,device,2499,0.00164,0.00157
views_xlsr1b_d6rall,0,holdout,clean,2502,0.00000,0.00000
views_xlsr1b_d6rall,0,holdout,aug,2502,0.07184,0.03437
views_xlsr1b_d6rall,0,holdout,unseen,2502,0.12674,0.05395
views_xlsr1b_d6rall,0,holdout,device,2502,0.00297,0.00160
views_xlsr1b_d6rall,0,itw,clean,2500,0.03966,0.01600
views_xlsr1b_d6rall,0,itw,aug,2500,0.14080,0.05360
views_xlsr1b_d6rall,0,itw,unseen,2500,0.29486,0.11280
views_xlsr1b_d6rall,0,itw,device,2500,0.06629,0.02560
views_xlsr1b_d6rall,0,val,clean,2499,0.00000,0.00000
views_xlsr1b_d6rall,0,val,aug,2499,0.03415,0.01515
views_xlsr1b_d6rall,0,val,unseen,2499,0.12366,0.04960
views_xlsr1b_d6rall,0,val,device,2499,0.00000,0.00000
views_xlsr2b_d6rall,0,holdout,clean,2502,0.00078,0.00080
views_xlsr2b_d6rall,0,holdout,aug,2502,0.08615,0.03597
views_xlsr2b_d6rall,0,holdout,unseen,2502,0.18716,0.07434
views_xlsr2b_d6rall,0,holdout,device,2502,0.00140,0.00080
views_xlsr2b_d6rall,0,itw,clean,2500,0.04069,0.01520
views_xlsr2b_d6rall,0,itw,aug,2500,0.10514,0.03920
views_xlsr2b_d6rall,0,itw,unseen,2500,0.26331,0.10080
views_xlsr2b_d6rall,0,itw,device,2500,0.06400,0.02480
views_xlsr2b_d6rall,0,val,clean,2499,0.00164,0.00157
views_xlsr2b_d6rall,0,val,aug,2499,0.04008,0.01644
views_xlsr2b_d6rall,0,val,unseen,2499,0.19625,0.07518
views_xlsr2b_d6rall,0,val,device,2499,0.00273,0.00184
xlsr1b_d6rall,0,holdout,clean,2502,0.04407,0.01798
xlsr1b_d6rall,0,holdout,aug,2502,0.34707,0.13389
xlsr1b_d6rall,0,itw,clean,2500,0.05017,0.02080
xlsr1b_d6rall,0,itw,aug,2500,0.25417,0.09480
xlsr1b_d6rall,0,val,clean,2499,0.04132,0.01801
xlsr1b_d6rall,0,val,aug,2499,0.36591,0.14409
xlsr1b_d6rall,1,holdout,clean,2502,0.00000,0.00000
xlsr1b_d6rall,1,holdout,aug,2502,0.10816,0.04397
xlsr1b_d6rall,1,itw,clean,2500,0.04217,0.01680
xlsr1b_d6rall,1,itw,aug,2500,0.13269,0.05320
xlsr1b_d6rall,1,val,clean,2499,0.00000,0.00000
xlsr1b_d6rall,1,val,aug,2499,0.04951,0.02115
xlsr1b_d6rall,2,holdout,clean,2502,0.00000,0.00000
xlsr1b_d6rall,2,holdout,aug,2502,0.07167,0.03517
xlsr1b_d6rall,2,itw,clean,2500,0.03966,0.01560
xlsr1b_d6rall,2,itw,aug,2500,0.13954,0.05440
xlsr1b_d6rall,2,val,clean,2499,0.00000,0.00000
xlsr1b_d6rall,2,val,aug,2499,0.03360,0.01515
xlsr1b_d6rall,3,holdout,clean,2502,0.00000,0.00000
xlsr1b_d6rall,3,holdout,aug,2502,0.07868,0.03277
xlsr1b_d6rall,3,itw,clean,2500,0.03943,0.01840
xlsr1b_d6rall,3,itw,aug,2500,0.13691,0.05520
xlsr1b_d6rall,3,val,clean,2499,0.00000,0.00000
xlsr1b_d6rall,3,val,aug,2499,0.03548,0.01358
xlsr1b_d6rall_s1,0,holdout,clean,2502,0.04407,0.01798
xlsr1b_d6rall_s1,0,holdout,aug,2502,0.34707,0.13389
xlsr1b_d6rall_s1,0,itw,clean,2500,0.05017,0.02080
xlsr1b_d6rall_s1,0,itw,aug,2500,0.25417,0.09480
xlsr1b_d6rall_s1,0,val,clean,2499,0.04132,0.01801
xlsr1b_d6rall_s1,0,val,aug,2499,0.36591,0.14409
xlsr1b_d6rall_s1,1,holdout,clean,2502,0.00000,0.00000
xlsr1b_d6rall_s1,1,holdout,aug,2502,0.09490,0.03917
xlsr1b_d6rall_s1,1,itw,clean,2500,0.04869,0.01920
xlsr1b_d6rall_s1,1,itw,aug,2500,0.14377,0.05600
xlsr1b_d6rall_s1,1,val,clean,2499,0.00000,0.00000
xlsr1b_d6rall_s1,1,val,aug,2499,0.04826,0.02245
xlsr1b_d6rall_s1,2,holdout,clean,2502,0.00218,0.00080
xlsr1b_d6rall_s1,2,holdout,aug,2502,0.08476,0.03357
xlsr1b_d6rall_s1,2,itw,clean,2500,0.04914,0.01920
xlsr1b_d6rall_s1,2,itw,aug,2500,0.12606,0.04800
xlsr1b_d6rall_s1,2,val,clean,2499,0.00000,0.00000
xlsr1b_d6rall_s1,2,val,aug,2499,0.03890,0.01644
xlsr1b_d6rall_s1,3,holdout,clean,2502,0.00000,0.00000
xlsr1b_d6rall_s1,3,holdout,aug,2502,0.07177,0.03117
xlsr1b_d6rall_s1,3,itw,clean,2500,0.04229,0.01920
xlsr1b_d6rall_s1,3,itw,aug,2500,0.12754,0.05040
xlsr1b_d6rall_s1,3,val,clean,2499,0.00000,0.00000
xlsr1b_d6rall_s1,3,val,aug,2499,0.03166,0.01228
xlsr2b_d6rall,0,holdout,clean,2502,0.04557,0.01958
xlsr2b_d6rall,0,holdout,aug,2502,0.35396,0.13110
xlsr2b_d6rall,0,itw,clean,2500,0.03771,0.01440
xlsr2b_d6rall,0,itw,aug,2500,0.18869,0.07080
xlsr2b_d6rall,0,val,clean,2499,0.03338,0.01515
xlsr2b_d6rall,0,val,aug,2499,0.33041,0.12635
xlsr2b_d6rall,1,holdout,clean,2502,0.00218,0.00080
xlsr2b_d6rall,1,holdout,aug,2502,0.13003,0.05395
xlsr2b_d6rall,1,itw,clean,2500,0.04960,0.01920
xlsr2b_d6rall,1,itw,aug,2500,0.13543,0.05280
xlsr2b_d6rall,1,val,clean,2499,0.00055,0.00027
xlsr2b_d6rall,1,val,aug,2499,0.09115,0.03575
xlsr2b_d6rall,2,holdout,clean,2502,0.00078,0.00080
xlsr2b_d6rall,2,holdout,aug,2502,0.09723,0.03837
xlsr2b_d6rall,2,itw,clean,2500,0.04011,0.01680
xlsr2b_d6rall,2,itw,aug,2500,0.11611,0.04400
xlsr2b_d6rall,2,val,clean,2499,0.00055,0.00027
xlsr2b_d6rall,2,val,aug,2499,0.05621,0.02142
xlsr2b_d6rall,3,holdout,clean,2502,0.00140,0.00080
xlsr2b_d6rall,3,holdout,aug,2502,0.08922,0.03677
xlsr2b_d6rall,3,itw,clean,2500,0.04046,0.01520
xlsr2b_d6rall,3,itw,aug,2500,0.10411,0.03920
xlsr2b_d6rall,3,val,clean,2499,0.00164,0.00157
xlsr2b_d6rall,3,val,aug,2499,0.03680,0.01358
mms1b_d6rall,0,holdout,clean,2502,0.05569,0.02278
mms1b_d6rall,0,holdout,aug,2502,0.28883,0.11071
mms1b_d6rall,0,itw,clean,2500,0.06503,0.02640
mms1b_d6rall,0,itw,aug,2500,0.26571,0.10080
mms1b_d6rall,0,val,clean,2499,0.06106,0.02429
mms1b_d6rall,0,val,aug,2499,0.31655,0.12034
mms1b_d6rall,1,holdout,clean,2502,0.00140,0.00080
mms1b_d6rall,1,holdout,aug,2502,0.12765,0.05395
mms1b_d6rall,1,itw,clean,2500,0.04411,0.01760
mms1b_d6rall,1,itw,aug,2500,0.15749,0.05840
mms1b_d6rall,1,val,clean,2499,0.00000,0.00000
mms1b_d6rall,1,val,aug,2499,0.07249,0.03159
mms1b_d6rall,2,holdout,clean,2502,0.00000,0.00000
mms1b_d6rall,2,holdout,aug,2502,0.09797,0.03757
mms1b_d6rall,2,itw,clean,2500,0.03954,0.01520
mms1b_d6rall,2,itw,aug,2500,0.14183,0.05240
mms1b_d6rall,2,val,clean,2499,0.00000,0.00000
mms1b_d6rall,2,val,aug,2499,0.04109,0.01828
mms1b_d6rall,3,holdout,clean,2502,0.00000,0.00000
mms1b_d6rall,3,holdout,aug,2502,0.09334,0.03757
mms1b_d6rall,3,itw,clean,2500,0.04171,0.01760
mms1b_d6rall,3,itw,aug,2500,0.15131,0.06000
mms1b_d6rall,3,val,clean,2499,0.00000,0.00000
mms1b_d6rall,3,val,aug,2499,0.03773,0.01958
